etfCode,name,codeType,hasMetadata,coverageScore,holdingsCount,hasIssuer,hasFee,hasDistribution,taggedTagCount,tags
0000D0,TIGER 엔비디아미국채커버드콜밸런스(합성),naver_internal_unresolved,Y,0.55,0,Y,Y,Y,2,dividend.covered_call|dividend.monthly
0000H0,KODEX 인도Nifty미드캡100,naver_internal_unresolved,N,,0,N,N,N,0,
0000J0,PLUS 한화그룹주,naver_internal_unresolved,Y,0.35,10,N,N,N,0,
0000Y0,HK 26-12 회사채(AA-이상)액티브,naver_internal_unresolved,Y,0.55,0,Y,Y,Y,0,
0000Z0,RISE 바이오TOP10액티브,naver_internal_unresolved,Y,0.45,10,N,N,N,1,sector.healthcare_bio_pharma
0001P0,마이티 바이오시밀러&CDMO액티브,naver_internal_unresolved,Y,0.45,10,N,N,N,1,sector.healthcare_bio_pharma
0002C0,에셋플러스 인도일등기업포커스20액티브,naver_internal_unresolved,N,,0,N,N,N,0,
0004G0,1Q 미국배당TOP30,naver_internal_unresolved,N,,0,N,N,N,0,
0005A0,KODEX 미국S&P500데일리커버드콜OTM,naver_internal_unresolved,N,,0,N,N,N,0,
0005C0,RISE 미국S&P500엔화노출(합성 H),naver_internal_unresolved,N,,0,N,N,N,0,
0005D0,SOL 전고체배터리&실리콘음극재,naver_internal_unresolved,Y,0.35,10,N,N,N,1,sector.ev_battery
0005G0,IBK K-AI반도체코어테크,naver_internal_unresolved,Y,0.75,20,Y,Y,Y,1,sector.semiconductor
0007F0,KODEX 27-12 회사채(AA-이상)액티브,naver_internal_unresolved,N,,0,N,N,N,0,
0007G0,PLUS 글로벌원자력밸류체인,naver_internal_unresolved,N,,0,N,N,N,0,
0007N0,아이엠에셋 200,naver_internal_unresolved,Y,0.35,10,N,N,N,0,
0008E0,ACE 미국중심중소형제조업,naver_internal_unresolved,N,,0,N,N,N,0,
0008S0,TIGER 미국배당다우존스타겟데일리커버드콜,naver_internal_unresolved,N,,0,N,N,N,0,
0008T0,SOL 화장품TOP3플러스,naver_internal_unresolved,Y,0.35,10,N,N,N,0,
0013P0,RISE 미국은행TOP10,naver_internal_unresolved,N,,0,N,N,N,0,
0013R0,RISE 테슬라미국채타겟커버드콜혼합(합성),naver_internal_unresolved,N,,0,N,N,N,0,
0015B0,KoAct 미국나스닥성장기업액티브,naver_internal_unresolved,N,,0,N,N,N,0,
0015E0,KIWOOM 엔비디아미국30년국채혼합액티브(H),naver_internal_unresolved,N,,0,N,N,N,0,
0015F0,KIWOOM 팔란티어미국30년국채혼합액티브(H),naver_internal_unresolved,N,,0,N,N,N,0,
0015K0,TIGER 미국소비트렌드액티브,naver_internal_unresolved,N,,0,N,N,N,0,
0016X0,SOL 중단기회사채(A-이상)액티브,naver_internal_unresolved,N,,0,N,N,N,0,
0017Y0,1Q 종합채권(AA-이상)액티브,naver_internal_unresolved,N,,0,N,N,N,0,
0018C0,PLUS 고배당주위클리고정커버드콜,naver_internal_unresolved,Y,0.45,10,N,N,N,2,dividend.covered_call|dividend.korea_high_dividend
0018Z0,RISE 미국양자컴퓨팅,naver_internal_unresolved,N,,0,N,N,N,0,
0019K0,TIME 미국나스닥100채권혼합50액티브,naver_internal_unresolved,N,,0,N,N,N,0,
0020H0,KoAct 글로벌양자컴퓨팅액티브,naver_internal_unresolved,N,,0,N,N,N,0,
0022T0,SOL 국제금커버드콜액티브,naver_internal_unresolved,N,,0,N,N,N,0,
0023A0,SOL 미국양자컴퓨팅TOP10,naver_internal_unresolved,N,,0,N,N,N,0,
0023B0,PLUS 미국양자컴퓨팅TOP10,naver_internal_unresolved,N,,0,N,N,N,0,
0025N0,TIGER TDF2045 적격,naver_internal_unresolved,N,,0,N,N,N,0,
0026E0,KODEX 미국S&P500버퍼3월액티브,naver_internal_unresolved,N,,0,N,N,N,0,
0026S0,1Q 미국S&P500,naver_internal_unresolved,Y,0.55,0,Y,Y,Y,1,strategy.sp500
0028X0,KODEX 미국금융테크액티브,naver_internal_unresolved,N,,0,N,N,N,0,
0035T0,PLUS 글로벌휴머노이드로봇액티브,naver_internal_unresolved,N,,0,N,N,N,0,
0036D0,TIME 미국배당다우존스액티브,naver_internal_unresolved,N,,0,N,N,N,0,
0036R0,RISE 미국휴머노이드로봇,naver_internal_unresolved,N,,0,N,N,N,0,
0036Z0,RISE 미국천연가스밸류체인,naver_internal_unresolved,N,,0,N,N,N,0,
0038A0,KODEX 미국휴머노이드로봇,naver_internal_unresolved,N,,0,N,N,N,0,
0040S0,HANARO 글로벌피지컬AI액티브,naver_internal_unresolved,N,,0,N,N,N,0,
0040X0,SOL 팔란티어미국채커버드콜혼합,naver_internal_unresolved,N,,0,N,N,N,0,
0040Y0,SOL 팔란티어커버드콜OTM채권혼합,naver_internal_unresolved,N,,0,N,N,N,0,
0041D0,KODEX 미국AI소프트웨어TOP10,naver_internal_unresolved,N,,0,N,N,N,0,
0041E0,KODEX 미국S&P500액티브,naver_internal_unresolved,N,,0,N,N,N,0,
0043B0,TIGER 머니마켓액티브,naver_internal_unresolved,N,,0,N,N,N,0,
0043Y0,TIME 차이나AI테크액티브,naver_internal_unresolved,N,,0,N,N,N,0,
0046A0,TIGER 미국초단기(3개월이하)국채,naver_internal_unresolved,N,,0,N,N,N,0,
0046Y0,ACE 미국배당퀄리티,naver_internal_unresolved,N,,0,N,N,N,0,
0047A0,TIGER 차이나테크TOP10,naver_internal_unresolved,N,,0,N,N,N,0,
0047N0,PLUS 차이나AI테크TOP10,naver_internal_unresolved,N,,0,N,N,N,0,
0047P0,RISE 테슬라고정테크100,naver_internal_unresolved,N,,0,N,N,N,0,
0047R0,RISE 팔란티어고정테크100,naver_internal_unresolved,N,,0,N,N,N,0,
0048J0,KODEX 미국머니마켓액티브,naver_internal_unresolved,N,,0,N,N,N,0,
0048K0,KODEX 차이나휴머노이드로봇,naver_internal_unresolved,N,,0,N,N,N,0,
0049K0,ACE 미국배당퀄리티채권혼합50,naver_internal_unresolved,Y,0.55,0,Y,Y,Y,1,dividend.monthly
0049M0,ACE 미국배당퀄리티+커버드콜액티브,naver_internal_unresolved,N,,0,N,N,N,0,
0050E0,PLUS 미국AI에이전트,naver_internal_unresolved,N,,0,N,N,N,0,
0051A0,KoAct 브로드컴밸류체인액티브,naver_internal_unresolved,N,,0,N,N,N,0,
0051G0,SOL 미국원자력SMR,naver_internal_unresolved,N,,0,N,N,N,0,
0052D0,TIGER 코리아배당다우존스,naver_internal_unresolved,Y,0.35,10,N,N,N,1,dividend.korea_high_dividend
0052S0,1Q 미국S&P500미국채혼합50액티브,naver_internal_unresolved,N,,0,N,N,N,0,
0052T0,1Q 중단기회사채(A-이상)액티브,naver_internal_unresolved,N,,0,N,N,N,0,
0053L0,TIGER 차이나휴머노이드로봇,naver_internal_unresolved,N,,0,N,N,N,0,
0053M0,더제이 중소형포커스액티브,naver_internal_unresolved,Y,0.45,10,N,N,N,0,
0057H0,PLUS 미국S&P500미국채혼합50액티브,naver_internal_unresolved,N,,0,N,N,N,0,
0060H0,TIGER 토탈월드스탁액티브,naver_internal_unresolved,N,,0,N,N,N,0,
0061Z0,RISE 단기특수은행채액티브,naver_internal_unresolved,N,,0,N,N,N,0,
0064K0,KODEX 금액티브,naver_internal_unresolved,N,,0,N,N,N,0,
0065G0,KODEX 차이나테크TOP10,naver_internal_unresolved,N,,0,N,N,N,0,
0066W0,SOL 국제금,naver_internal_unresolved,N,,0,N,N,N,0,
0067V0,TIGER 차이나글로벌리더스TOP3+,naver_internal_unresolved,N,,0,N,N,N,0,
0067Y0,TIGER 차이나AI소프트웨어,naver_internal_unresolved,N,,0,N,N,N,0,
0068M0,KODEX 미국S&P500버퍼6월액티브,naver_internal_unresolved,N,,0,N,N,N,0,
0069M0,1Q 미국나스닥100,naver_internal_unresolved,N,,0,N,N,N,0,
0072R0,TIGER KRX금현물,naver_internal_unresolved,N,,0,N,N,N,0,
0073X0,FOCUS 알리바바미국채커버드콜혼합,naver_internal_unresolved,N,,0,N,N,N,0,
0074K0,KoAct K수출핵심기업TOP30액티브,naver_internal_unresolved,Y,0.45,10,N,N,N,0,
0078V0,PLUS 미국로보택시,naver_internal_unresolved,N,,0,N,N,N,0,
0079X0,ACE BYD밸류체인액티브,naver_internal_unresolved,N,,0,N,N,N,0,
0080G0,KODEX 방산TOP10,naver_internal_unresolved,Y,0.75,11,Y,Y,Y,1,sector.aerospace_defense
0080X0,SOL 미국S&P500미국채혼합50,naver_internal_unresolved,N,,0,N,N,N,0,
0080Y0,SOL 조선TOP3플러스레버리지,naver_internal_unresolved,Y,0.75,15,Y,Y,Y,1,strategy.leverage
0082F0,HANARO 유럽방산,naver_internal_unresolved,N,,0,N,N,N,0,
0082V0,KODEX TDF2060액티브 적격,naver_internal_unresolved,N,,0,N,N,N,0,
0083S0,1Q 미국메디컬AI,naver_internal_unresolved,N,,0,N,N,N,0,
0084D0,KIWOOM 미국테크100월간목표헤지액티브,naver_internal_unresolved,N,,0,N,N,N,0,
0084E0,KIWOOM 미국대형주500월간목표헤지액티브,naver_internal_unresolved,N,,0,N,N,N,0,
0085N0,ACE 미국10년국채액티브(H),naver_internal_unresolved,N,,0,N,N,N,0,
0085P0,ACE 미국10년국채액티브,naver_internal_unresolved,N,,0,N,N,N,0,
0086B0,TIGER 리츠부동산인프라TOP10액티브,naver_internal_unresolved,Y,0.45,9,N,N,N,1,strategy.reit
0086C0,TIGER 리츠부동산인프라10채권혼합액티브,naver_internal_unresolved,Y,0.45,10,N,N,N,1,strategy.reit
0087F0,ACE 차이나AI빅테크TOP2+액티브,naver_internal_unresolved,N,,0,N,N,N,0,
0088N0,WON K-글로벌수급상위,naver_internal_unresolved,Y,0.35,10,N,N,N,0,
0089B0,PLUS 미국나스닥100미국채혼합50,naver_internal_unresolved,N,,0,N,N,N,0,
0089C0,KODEX 미국S&P500변동성확대시커버드콜,naver_internal_unresolved,N,,0,N,N,N,0,
0089D0,KODEX 금융고배당TOP10,naver_internal_unresolved,Y,0.35,10,N,N,N,2,sector.financials|dividend.korea_high_dividend
0090B0,PLUS K방산소부장,naver_internal_unresolved,Y,0.35,10,N,N,N,1,sector.aerospace_defense
0091C0,KODEX 미국10년국채액티브(H),naver_internal_unresolved,N,,0,N,N,N,0,
0091M0,HANARO 27-06 회사채(AA-이상)액티브,naver_internal_unresolved,N,,0,N,N,N,0,
0091P0,TIGER 코리아원자력,naver_internal_unresolved,Y,0.35,10,N,N,N,0,
0092B0,SOL 한국원자력SMR,naver_internal_unresolved,Y,0.35,10,N,N,N,0,
0092C0,SOL 27-12 회사채(AA-이상)액티브,naver_internal_unresolved,N,,0,N,N,N,0,
0093A0,RISE AI반도체TOP10,naver_internal_unresolved,Y,0.35,10,N,N,N,1,sector.semiconductor
0093B0,RISE 엔비디아고정테크100,naver_internal_unresolved,N,,0,N,N,N,0,
0093D0,KoAct 팔란티어밸류체인액티브,naver_internal_unresolved,N,,0,N,N,N,0,
0094K0,TIGER 28-04 회사채(A+이상)액티브,naver_internal_unresolved,N,,0,N,N,N,0,
0094L0,RISE 차이나테크TOP10위클리타겟커버드콜,naver_internal_unresolved,N,,0,N,N,N,0,
0094M0,RISE 코리아밸류업위클리고정커버드콜,naver_internal_unresolved,Y,0.45,10,N,N,N,2,dividend.covered_call|strategy.value_up
0094X0,1Q 샤오미밸류체인액티브,naver_internal_unresolved,N,,0,N,N,N,0,
0097L0,KIWOOM 한국고배당&미국AI테크,naver_internal_unresolved,N,,0,N,N,N,0,
0098F0,KODEX 원자력SMR,naver_internal_unresolved,Y,0.35,10,N,N,N,0,
0098N0,PLUS 자사주매입고배당주,naver_internal_unresolved,Y,0.35,10,N,N,N,2,dividend.korea_high_dividend|sector.financials
0098Z0,FOCUS 200,naver_internal_unresolved,Y,0.35,10,N,N,N,0,
0099L0,ACE 우량회사채(AA-이상)액티브,naver_internal_unresolved,N,,0,N,N,N,0,
0100K0,KODEX 방산TOP10레버리지,naver_internal_unresolved,Y,0.45,10,N,N,N,2,strategy.leverage|sector.aerospace_defense
0101N0,RISE AI전력인프라,naver_internal_unresolved,Y,0.35,10,N,N,N,1,sector.ai_power_infrastructure
0102A0,TIGER 미국AI소프트웨어TOP4Plus,naver_internal_unresolved,N,,0,N,N,N,0,
0102X0,ACE 유럽방산TOP10,naver_internal_unresolved,N,,0,N,N,N,0,
0103T0,1Q K소버린AI,naver_internal_unresolved,Y,0.35,10,N,N,N,1,sector.it
0104G0,PLUS K방산레버리지,naver_internal_unresolved,Y,0.45,10,N,N,N,2,strategy.leverage|sector.aerospace_defense
0104H0,KoAct 미국나스닥채권혼합50액티브,naver_internal_unresolved,N,,0,N,N,N,0,
0104N0,TIGER 200타겟위클리커버드콜,naver_internal_unresolved,Y,0.45,10,N,N,N,1,dividend.covered_call
0104P0,TIGER 코리아배당다우존스위클리커버드콜,naver_internal_unresolved,Y,0.45,10,N,N,N,2,dividend.covered_call|dividend.korea_high_dividend
0105D0,SOL 한국AI소프트웨어,naver_internal_unresolved,Y,0.35,10,N,N,N,1,sector.it
0105E0,SOL 코리아고배당,naver_internal_unresolved,Y,0.35,10,N,N,N,1,dividend.korea_high_dividend
0107F0,KIWOOM 미국고배당&AI테크,naver_internal_unresolved,N,,0,N,N,N,0,
0111J0,HANARO 증권고배당TOP3플러스,naver_internal_unresolved,Y,0.35,10,N,N,N,2,sector.financials|dividend.korea_high_dividend
0111P0,1Q 미국나스닥100미국채혼합50액티브,naver_internal_unresolved,N,,0,N,N,N,0,
0112X0,마이티 200TR,naver_internal_unresolved,Y,0.35,10,N,N,N,0,
0113D0,TIME 글로벌탑픽액티브,naver_internal_unresolved,N,,0,N,N,N,0,
0113G0,KoAct 미국바이오헬스케어액티브,naver_internal_unresolved,N,,0,N,N,N,0,
0113P0,HK 머니마켓액티브,naver_internal_unresolved,N,,0,N,N,N,0,
0114X0,RISE 글로벌게임테크TOP3Plus,naver_internal_unresolved,N,,0,N,N,N,0,
0115C0,RISE 미국고배당다우존스TOP10,naver_internal_unresolved,N,,0,N,N,N,0,
0115D0,KODEX 조선TOP10,naver_internal_unresolved,Y,0.35,10,N,N,N,0,
0115E0,KODEX 코리아소버린AI,naver_internal_unresolved,Y,0.35,10,N,N,N,1,sector.it
0117L0,KODEX 26-12 금융채(AA-이상)액티브,naver_internal_unresolved,N,,0,N,N,N,0,
0117V0,TIGER 코리아AI전력기기TOP3플러스,naver_internal_unresolved,Y,0.35,10,N,N,N,1,sector.ai_power_infrastructure
0118S0,SOL 미국넥스트테크TOP10액티브,naver_internal_unresolved,N,,0,N,N,N,0,
0118Z0,ACE 미국AI테크핵심산업액티브,naver_internal_unresolved,N,,0,N,N,N,0,
0119H0,KODEX 28-12 회사채(AA-이상)액티브,naver_internal_unresolved,N,,0,N,N,N,0,
0120J0,BNK 카카오그룹포커스,naver_internal_unresolved,Y,0.35,10,N,N,N,1,sector.game_entertainment_media
0122W0,RISE 26-11 회사채(AA-이상)액티브,naver_internal_unresolved,N,,0,N,N,N,0,
0123G0,TIGER 미국AI전력SMR,naver_internal_unresolved,N,,0,N,N,N,0,
0123S0,HANARO 26-12 은행채(AA+이상)액티브,naver_internal_unresolved,N,,0,N,N,N,0,
0127M0,ACE 미국대형가치주액티브,naver_internal_unresolved,N,,0,N,N,N,0,
0127P0,ACE 미국대형성장주액티브,naver_internal_unresolved,N,,0,N,N,N,0,
0127R0,RISE 미국AI클라우드인프라,naver_internal_unresolved,N,,0,N,N,N,0,
0127T0,KIWOOM 미국S&P500&배당다우존스비중전환,naver_internal_unresolved,N,,0,N,N,N,0,
0127V0,KIWOOM 미국S&P500 TOP10&배당다우비중전환,naver_internal_unresolved,N,,0,N,N,N,0,
0128D0,PLUS 차이나항셍테크위클리타겟커버드콜,naver_internal_unresolved,N,,0,N,N,N,0,
0131A0,SOL 차이나소비트렌드,naver_internal_unresolved,N,,0,N,N,N,0,
0131V0,1Q 미국우주항공테크,naver_internal_unresolved,N,,0,N,N,N,0,
0131W0,1Q 단기특수은행채액티브,naver_internal_unresolved,N,,0,N,N,N,0,
0132D0,KoAct 글로벌K컬처밸류체인액티브,naver_internal_unresolved,N,,0,N,N,N,0,
0132H0,KODEX 미국원자력SMR,naver_internal_unresolved,N,,0,N,N,N,0,
0132K0,PLUS 테슬라위클리커버드콜채권혼합,naver_internal_unresolved,N,,0,N,N,N,0,
0133E0,TIGER 차이나증권,naver_internal_unresolved,N,,0,N,N,N,0,
0135Y0,IBK 중기종합채권(AA-이상)액티브,naver_internal_unresolved,N,,0,N,N,N,0,
0137V0,KIWOOM 미국S&P500모멘텀,naver_internal_unresolved,N,,0,N,N,N,0,
0137W0,KIWOOM 미국S&P500&GOLD,naver_internal_unresolved,N,,0,N,N,N,0,
0138D0,RISE 동학개미,naver_internal_unresolved,Y,0.35,10,N,N,N,0,
0138T0,RISE 미국S&P500데일리고정커버드콜,naver_internal_unresolved,N,,0,N,N,N,0,
0138Y0,PLUS 금채권혼합,naver_internal_unresolved,N,,0,N,N,N,0,
0139F0,TIGER 12월자동연장금융채(AA-이상)액티브,naver_internal_unresolved,N,,0,N,N,N,0,
0139P0,ACE 고배당주,naver_internal_unresolved,Y,0.35,10,N,N,N,1,dividend.korea_high_dividend
0141S0,SOL 조선기자재,naver_internal_unresolved,Y,0.35,10,N,N,N,0,
0141T0,SOL 중기종합채권(AA-이상)액티브,naver_internal_unresolved,N,,0,N,N,N,0,
0142D0,TIGER 미국AI데이터센터TOP4Plus,naver_internal_unresolved,N,,0,N,N,N,0,
0144L0,KODEX 미국성장커버드콜액티브,naver_internal_unresolved,N,,0,N,N,N,0,
0144M0,KODEX 미국드론UAM TOP10,naver_internal_unresolved,N,,0,N,N,N,0,
0148J0,TIGER 코리아휴머노이드로봇산업,naver_internal_unresolved,Y,0.35,10,N,N,N,0,
0150K0,KoAct 수소전력ESS인프라액티브,naver_internal_unresolved,Y,0.45,10,N,N,N,1,sector.ev_battery
0151P0,RISE 코리아전략산업액티브,naver_internal_unresolved,Y,0.45,10,N,N,N,1,sector.semiconductor
0151S0,KODEX 미국AI반도체TOP3플러스,naver_internal_unresolved,N,,0,N,N,N,0,
0152E0,SOL 배당성향탑픽액티브,naver_internal_unresolved,Y,0.45,10,N,N,N,2,dividend.korea_high_dividend|sector.financials
0153K0,KODEX 주주환원고배당주,naver_internal_unresolved,Y,0.35,10,N,N,N,2,dividend.korea_high_dividend|sector.financials
0153P0,ACE 리츠부동산인프라액티브,naver_internal_unresolved,Y,0.45,10,N,N,N,1,strategy.reit
0153X0,PLUS 미국고배당주액티브,naver_internal_unresolved,N,,0,N,N,N,0,
0154F0,WON 초대형IB&금융지주,naver_internal_unresolved,Y,0.35,10,N,N,N,1,sector.financials
0154H0,KoAct 차이나바이오헬스케어액티브,naver_internal_unresolved,N,,0,N,N,N,0,
0155M0,ACE 미국SMR원자력TOP10,naver_internal_unresolved,N,,0,N,N,N,0,
0155N0,HANARO K휴머노이드테마TOP10,naver_internal_unresolved,Y,0.35,10,N,N,N,0,
0162L0,KODEX 차이나AI반도체TOP10,naver_internal_unresolved,N,,0,N,N,N,0,
0162M0,KODEX 금융채1~2년(AA-이상)PLUS액티브,naver_internal_unresolved,N,,0,N,N,N,0,
0162Y0,TIME 코스닥액티브,naver_internal_unresolved,Y,0.45,10,N,N,N,1,sector.semiconductor
0162Z0,RISE 삼성전자SK하이닉스채권혼합50,naver_internal_unresolved,N,,0,N,N,N,0,
0163Y0,KoAct 코스닥액티브,naver_internal_unresolved,Y,0.45,10,N,N,N,1,sector.semiconductor
0164G0,RISE 차이나AI반도체TOP4Plus,naver_internal_unresolved,N,,0,N,N,N,0,
0166N0,PLUS 코스닥150액티브,naver_internal_unresolved,Y,0.45,10,N,N,N,0,
0166S0,PLUS K제조업핵심기업액티브,naver_internal_unresolved,Y,0.45,10,N,N,N,1,sector.semiconductor
0166T0,PLUS 글로벌저작권핵심기업액티브,naver_internal_unresolved,N,,0,N,N,N,0,
0167A0,SOL AI반도체TOP2플러스,naver_internal_unresolved,Y,0.35,10,N,N,N,1,sector.semiconductor
0167B0,SOL 200타겟위클리커버드콜,naver_internal_unresolved,Y,0.45,10,N,N,N,1,dividend.covered_call
0167Z0,KODEX 미국우주항공,naver_internal_unresolved,N,,0,N,N,N,0,
0168K0,TIGER 기술이전바이오액티브,naver_internal_unresolved,Y,0.45,10,N,N,N,1,sector.healthcare_bio_pharma
0172V0,1Q 은액티브,naver_internal_unresolved,N,,0,N,N,N,0,
0172Y0,ACE K수출핵심TOP10산업액티브,naver_internal_unresolved,Y,0.45,10,N,N,N,0,
0173Y0,KODEX 미국AI광통신네트워크,naver_internal_unresolved,N,,0,N,N,N,0,
0174B0,KoAct 글로벌AI메모리반도체액티브,naver_internal_unresolved,N,,0,N,N,N,0,
0174J0,DAISHIN343 오피스리츠플러스,naver_internal_unresolved,Y,0.35,10,N,N,N,1,strategy.reit
0174R0,KIWOOM 미국성장다우존스,naver_internal_unresolved,N,,0,N,N,N,0,
0176E0,RISE 미국AI전력인프라액티브,naver_internal_unresolved,N,,0,N,N,N,0,
0176P0,FOCUS AI반도체위클리고정커버드콜,naver_internal_unresolved,Y,0.45,10,N,N,N,2,dividend.covered_call|sector.semiconductor
0177A0,WON 두산그룹포커스,naver_internal_unresolved,Y,0.35,10,N,N,N,0,
0177N0,KODEX 삼성전자SK하이닉스채권혼합50,naver_internal_unresolved,N,,0,N,N,N,0,
0177R0,TIGER 반도체TOP10커버드콜액티브,naver_internal_unresolved,Y,0.45,10,N,N,N,2,dividend.covered_call|sector.semiconductor
0177X0,ACE K휴머노이드로봇산업TOP2+,naver_internal_unresolved,Y,0.35,10,N,N,N,0,
0178H0,IBK 미국AI TOP10국채혼합50,naver_internal_unresolved,N,,0,N,N,N,0,
0180V0,ACE 미국우주테크액티브,naver_internal_unresolved,N,,0,N,N,N,0,
0181B0,HANARO 미국AI메모리반도체TOP4+,naver_internal_unresolved,N,,0,N,N,N,0,
0181L0,SOL 미국우주항공TOP10,naver_internal_unresolved,N,,0,N,N,N,0,
0182R0,1Q K반도체TOP2+,naver_internal_unresolved,Y,0.35,10,N,N,N,1,sector.semiconductor
0182S0,1Q K반도체TOP2채권혼합50,naver_internal_unresolved,N,,0,N,N,N,0,
0183J0,TIGER 미국우주테크,naver_internal_unresolved,N,,0,N,N,N,0,
0183V0,KIWOOM 삼성전자&SK하이닉스채권혼합50,naver_internal_unresolved,N,,0,N,N,N,0,
0184E0,1Q 200채권혼합50액티브,naver_internal_unresolved,N,,0,N,N,N,0,
0184L0,PLUS 중기종합채권(A-이상)액티브,naver_internal_unresolved,N,,0,N,N,N,0,
0184N0,PLUS 은채권혼합,naver_internal_unresolved,N,,0,N,N,N,0,
0184V0,UNICORN K바이오액티브,naver_internal_unresolved,Y,0.45,10,N,N,N,1,sector.healthcare_bio_pharma
0185L0,TIME 글로벌휴머노이드로봇산업액티브,naver_internal_unresolved,N,,0,N,N,N,0,
0186L0,KoAct 미국로봇피지컬AI액티브,naver_internal_unresolved,N,,0,N,N,N,0,
0186S0,1Q 코스닥150채권혼합50액티브,naver_internal_unresolved,N,,0,N,N,N,0,
0189B0,TIGER 은액티브,naver_internal_unresolved,N,,0,N,N,N,0,
0189Z0,DAISHIN343 금융&지주고배당,naver_internal_unresolved,Y,0.35,10,N,N,N,2,sector.financials|dividend.korea_high_dividend
0190C0,RISE 현대차고정피지컬AI,naver_internal_unresolved,Y,0.35,10,N,N,N,0,
0190G0,KODEX 반도체타겟위클리커버드콜,naver_internal_unresolved,Y,0.45,10,N,N,N,2,dividend.covered_call|sector.semiconductor
0190M0,KIWOOM 미국AI테크하이베타,naver_internal_unresolved,N,,0,N,N,N,0,
0190Y0,TIGER 구글밸류체인,naver_internal_unresolved,N,,0,N,N,N,0,
0191B0,MIDAS 코스닥액티브,naver_internal_unresolved,Y,0.45,10,N,N,N,1,sector.semiconductor
0191M0,마이티 5월만기자동연장특수채(AAA)액티브,naver_internal_unresolved,N,,0,N,N,N,0,
0191S0,IBK 코스닥150,naver_internal_unresolved,Y,0.35,10,N,N,N,0,
0191W0,HANARO 중기종합채권(A-이상)액티브,naver_internal_unresolved,N,,0,N,N,N,0,
0192L0,RISE SK하이닉스단일종목레버리지,naver_internal_unresolved,Y,0.45,1,N,N,N,2,strategy.leverage|sector.semiconductor
0192M0,RISE 삼성전자단일종목레버리지,naver_internal_unresolved,Y,0.45,1,N,N,N,2,strategy.leverage|sector.semiconductor
0192S0,SOL 코스피200채권혼합50,naver_internal_unresolved,N,,0,N,N,N,0,
0192T0,SOL 코스닥TOP10,naver_internal_unresolved,Y,0.35,10,N,N,N,3,sector.healthcare_bio_pharma|sector.ev_battery|sector.semiconductor
0192Z0,TIGER 중기종합채권(A-이상)액티브,naver_internal_unresolved,N,,0,N,N,N,0,
0193G0,KoAct 코스피액티브,naver_internal_unresolved,Y,0.45,10,N,N,N,1,sector.semiconductor
0193K0,PLUS 삼성전자단일종목레버리지,naver_internal_unresolved,Y,0.45,3,N,N,N,2,strategy.leverage|sector.semiconductor
0193L0,PLUS 삼성전자선물단일종목인버스2X,naver_internal_unresolved,Y,0.75,2,Y,Y,Y,2,strategy.leverage|strategy.inverse
0193M0,BNK 27-12 특수채(AAA이상)액티브,naver_internal_unresolved,N,,0,N,N,N,0,
0193T0,KODEX SK하이닉스단일종목레버리지,naver_internal_unresolved,Y,0.45,1,N,N,N,2,strategy.leverage|sector.semiconductor
0193W0,KODEX 삼성전자단일종목레버리지,naver_internal_unresolved,Y,0.45,1,N,N,N,2,strategy.leverage|sector.semiconductor
0194M0,ACE 삼성전자단일종목레버리지,naver_internal_unresolved,Y,0.45,2,N,N,N,2,strategy.leverage|sector.semiconductor
0194N0,KIWOOM 삼성전자선물단일종목레버리지,naver_internal_unresolved,Y,0.45,1,N,N,N,2,strategy.leverage|sector.semiconductor
0194R0,KIWOOM SK하이닉스선물단일종목레버리지,naver_internal_unresolved,Y,0.45,1,N,N,N,2,strategy.leverage|sector.semiconductor
0194T0,ACE SK하이닉스단일종목레버리지,naver_internal_unresolved,Y,0.45,2,N,N,N,2,strategy.leverage|sector.semiconductor
0195R0,TIGER 삼성전자단일종목레버리지,naver_internal_unresolved,Y,0.45,1,N,N,N,2,strategy.leverage|sector.semiconductor
0195S0,TIGER SK하이닉스단일종목레버리지,naver_internal_unresolved,Y,0.45,1,N,N,N,2,strategy.leverage|sector.semiconductor
0197W0,SOL SK하이닉스단일종목레버리지,naver_internal_unresolved,Y,0.45,1,N,N,N,2,strategy.leverage|sector.semiconductor
0197X0,SOL SK하이닉스선물단일종목인버스2X,naver_internal_unresolved,N,,0,N,N,N,0,
0198A0,KIWOOM 코스닥150커버드콜액티브,naver_internal_unresolved,Y,0.45,10,N,N,N,1,dividend.covered_call
0198B0,1Q 삼성전자선물단일종목레버리지,naver_internal_unresolved,Y,0.45,1,N,N,N,2,strategy.leverage|sector.semiconductor
0198D0,1Q SK하이닉스선물단일종목레버리지,naver_internal_unresolved,Y,0.45,1,N,N,N,2,strategy.leverage|sector.semiconductor
0199C0,ACE 고배당주Plus커버드콜액티브,naver_internal_unresolved,Y,0.45,10,N,N,N,3,dividend.covered_call|dividend.korea_high_dividend|sector.financials
0203D0,PLUS 200위클리커버드콜채권혼합,naver_internal_unresolved,N,,0,N,N,N,0,
0203R0,WON 중단기종합채권(A-이상)액티브,naver_internal_unresolved,N,,0,N,N,N,0,
0203S0,WON 삼성전자현대차채권혼합50,naver_internal_unresolved,N,,0,N,N,N,0,
0204D0,KODEX 현대차로보틱스밸류체인TOP3플러스,naver_internal_unresolved,N,,0,N,N,N,0,
0204S0,TIGER 코스닥액티브,naver_internal_unresolved,Y,0.45,10,N,N,N,1,sector.semiconductor
0206G0,1Q 현대차기아채권혼합50,naver_internal_unresolved,N,,0,N,N,N,0,
0207G0,SOL 우주항공밸류체인,naver_internal_unresolved,Y,0.35,10,N,N,N,1,sector.aerospace_defense
0207Z0,KIWOOM 미국우주데이터센터인프라,naver_internal_unresolved,N,,0,N,N,N,0,
0208N0,IBK 코스피액티브,naver_internal_unresolved,Y,0.45,10,N,N,N,0,
0209D0,KODEX 전고체배터리ESS TOP2플러스,naver_internal_unresolved,Y,0.35,10,N,N,N,1,sector.ev_battery
0209Z0,ACE 코리아AI전력TOP10,naver_internal_unresolved,Y,0.35,10,N,N,N,1,sector.ai_power_infrastructure
0210A0,ACE K반도체TOP2+,naver_internal_unresolved,Y,0.35,10,N,N,N,1,sector.semiconductor
0210E0,PLUS 200커버드콜액티브,naver_internal_unresolved,Y,0.45,10,N,N,N,1,dividend.covered_call
0216K0,KIWOOM 미국우주테크TOP2채권혼합50,naver_internal_unresolved,N,,0,N,N,N,0,
0216Z0,ACE K방산TOP5+,naver_internal_unresolved,Y,0.35,10,N,N,N,1,sector.aerospace_defense
069500,KODEX 200,krx_numeric,Y,0.75,201,Y,Y,Y,0,
069660,KIWOOM 200,krx_numeric,Y,0.35,10,N,N,N,0,
091160,KODEX 반도체,krx_numeric,Y,0.75,36,Y,Y,Y,1,sector.semiconductor
091170,KODEX 은행,krx_numeric,Y,0.35,10,N,N,N,1,sector.financials
091180,KODEX 자동차,krx_numeric,Y,0.35,10,N,N,N,1,strategy.consumer_discretionary
091220,TIGER 은행,krx_numeric,Y,0.35,10,N,N,N,1,sector.financials
091230,TIGER 반도체,krx_numeric,Y,0.35,10,N,N,N,1,sector.semiconductor
099140,KODEX 차이나H,krx_numeric,N,,0,N,N,N,0,
100910,KIWOOM KRX100,krx_numeric,Y,0.35,10,N,N,N,0,
101280,KODEX 일본TOPIX100,krx_numeric,N,,0,N,N,N,0,
102110,TIGER 200,krx_numeric,Y,0.75,200,Y,Y,Y,0,
102780,KODEX 삼성그룹,krx_numeric,Y,0.35,10,N,N,N,0,
102960,KODEX 기계장비,krx_numeric,Y,0.35,10,N,N,N,0,
102970,KODEX 증권,krx_numeric,Y,0.35,10,N,N,N,1,sector.financials
104520,KIWOOM 블루칩,krx_numeric,Y,0.35,10,N,N,N,0,
104530,KIWOOM 코리아고배당,krx_numeric,Y,0.35,10,N,N,N,1,dividend.korea_high_dividend
105010,TIGER 라틴35,krx_numeric,N,,0,N,N,N,0,
105190,ACE 200,krx_numeric,Y,0.35,10,N,N,N,0,
105780,RISE 5대그룹주,krx_numeric,Y,0.35,10,N,N,N,0,
108450,ACE 삼성그룹섹터가중,krx_numeric,Y,0.35,10,N,N,N,0,
108590,TREX 200,krx_numeric,Y,0.35,10,N,N,N,0,
114100,RISE 국고채3년,krx_numeric,N,,0,N,N,N,0,
114260,KODEX 국고채3년,krx_numeric,N,,0,N,N,N,0,
114460,ACE 국고채3년,krx_numeric,N,,0,N,N,N,0,
114470,KIWOOM 국고채3년,krx_numeric,N,,0,N,N,N,0,
114800,KODEX 인버스,krx_numeric,Y,0.75,2,Y,Y,Y,1,strategy.inverse
114820,TIGER 국채3년,krx_numeric,N,,0,N,N,N,0,
117460,KODEX 에너지화학,krx_numeric,Y,0.35,10,N,N,N,0,
117680,KODEX 철강,krx_numeric,Y,0.35,10,N,N,N,0,
117690,TIGER 차이나항셍30,krx_numeric,N,,0,N,N,N,0,
117700,KODEX 건설,krx_numeric,Y,0.35,10,N,N,N,0,
122090,PLUS 코스피50,krx_numeric,Y,0.35,10,N,N,N,0,
122260,KIWOOM 통안채1년,krx_numeric,N,,0,N,N,N,0,
122630,KODEX 레버리지,krx_numeric,Y,0.75,210,Y,Y,Y,1,strategy.leverage
123310,TIGER 인버스,krx_numeric,N,,0,N,N,N,0,
123320,TIGER 레버리지,krx_numeric,Y,0.45,10,N,N,N,1,strategy.leverage
130680,TIGER 원유선물Enhanced(H),krx_numeric,N,,0,N,N,N,0,
130730,KIWOOM 단기자금,krx_numeric,N,,0,N,N,N,0,
131890,ACE 삼성그룹동일가중,krx_numeric,Y,0.35,10,N,N,N,0,
132030,KODEX 골드선물(H),krx_numeric,Y,0.55,0,Y,Y,Y,1,sector.commodities
133690,TIGER 미국나스닥100,krx_numeric,Y,0.55,0,Y,Y,Y,1,strategy.nasdaq100
136340,RISE 중기우량회사채,krx_numeric,N,,0,N,N,N,0,
137610,TIGER 농산물선물Enhanced(H),krx_numeric,N,,0,N,N,N,0,
138230,KIWOOM 미국달러선물,krx_numeric,N,,0,N,N,N,0,
138520,TIGER 삼성그룹,krx_numeric,Y,0.35,10,N,N,N,0,
138530,TIGER LG그룹플러스,krx_numeric,Y,0.35,10,N,N,N,0,
138540,TIGER 현대차그룹플러스,krx_numeric,Y,0.35,10,N,N,N,1,strategy.consumer_discretionary
138910,KODEX 구리선물(H),krx_numeric,N,,0,N,N,N,0,
138920,KODEX 콩선물(H),krx_numeric,N,,0,N,N,N,0,
139220,TIGER 200 건설,krx_numeric,Y,0.35,10,N,N,N,0,
139230,TIGER 200 중공업,krx_numeric,Y,0.35,10,N,N,N,0,
139240,TIGER 200 철강소재,krx_numeric,Y,0.35,10,N,N,N,0,
139250,TIGER 200 에너지화학,krx_numeric,Y,0.35,10,N,N,N,0,
139260,TIGER 200 IT,krx_numeric,Y,0.35,10,N,N,N,1,sector.semiconductor
139270,TIGER 200 금융,krx_numeric,Y,0.35,10,N,N,N,1,sector.financials
139280,TIGER 경기방어,krx_numeric,Y,0.35,10,N,N,N,0,
139290,TIGER 200 경기소비재,krx_numeric,Y,0.35,10,N,N,N,1,strategy.consumer_discretionary
139320,TIGER 금은선물(H),krx_numeric,N,,0,N,N,N,0,
139660,KIWOOM 미국달러선물인버스,krx_numeric,N,,0,N,N,N,0,
140570,RISE 수출주,krx_numeric,Y,0.35,10,N,N,N,0,
140580,RISE 우량업종대표주,krx_numeric,Y,0.35,10,N,N,N,0,
140700,KODEX 보험,krx_numeric,Y,0.35,10,N,N,N,1,sector.financials
140710,KODEX 운송,krx_numeric,Y,0.35,10,N,N,N,0,
140950,파워 코스피100,krx_numeric,Y,0.35,10,N,N,N,0,
143850,TIGER 미국S&P500선물(H),krx_numeric,N,,0,N,N,N,0,
143860,TIGER 헬스케어,krx_numeric,Y,0.35,10,N,N,N,1,sector.healthcare_bio_pharma
144600,KODEX 은선물(H),krx_numeric,N,,0,N,N,N,0,
145670,ACE 인버스,krx_numeric,Y,0.45,2,N,N,N,1,strategy.inverse
145850,TREX 펀더멘탈 200,krx_numeric,Y,0.35,10,N,N,N,1,strategy.value
147970,TIGER 모멘텀,krx_numeric,Y,0.35,10,N,N,N,0,
148020,RISE 200,krx_numeric,Y,0.35,10,N,N,N,0,
148070,KIWOOM 국고채10년,krx_numeric,N,,0,N,N,N,0,
150460,TIGER 중국소비테마,krx_numeric,Y,0.35,10,N,N,N,0,
152100,PLUS 200,krx_numeric,Y,0.35,10,N,N,N,0,
152380,KODEX 국채선물10년,krx_numeric,N,,0,N,N,N,0,
152500,ACE 레버리지,krx_numeric,Y,0.45,10,N,N,N,1,strategy.leverage
152870,파워 200,krx_numeric,Y,0.35,10,N,N,N,0,
153130,KODEX 단기채권,krx_numeric,N,,0,N,N,N,0,
153270,KIWOOM 코스피100,krx_numeric,Y,0.35,10,N,N,N,0,
156080,KODEX MSCI Korea,krx_numeric,Y,0.35,10,N,N,N,0,
157450,TIGER 단기통안채,krx_numeric,N,,0,N,N,N,0,
157490,TIGER 소프트웨어,krx_numeric,Y,0.35,10,N,N,N,2,sector.it|sector.game_entertainment_media
157500,TIGER 증권,krx_numeric,Y,0.35,10,N,N,N,1,sector.financials
159800,마이티 코스피100,krx_numeric,Y,0.35,10,N,N,N,0,
160580,TIGER 구리실물,krx_numeric,N,,0,N,N,N,0,
161510,PLUS 고배당주,krx_numeric,Y,0.35,10,N,N,N,1,dividend.korea_high_dividend
166400,TIGER 200커버드콜OTM,krx_numeric,Y,0.45,10,N,N,N,1,dividend.covered_call
167860,KIWOOM 국고채10년레버리지,krx_numeric,N,,0,N,N,N,0,
168580,ACE 중국본토CSI300,krx_numeric,N,,0,N,N,N,0,
169950,KODEX 차이나A50,krx_numeric,N,,0,N,N,N,0,
174350,TIGER 로우볼,krx_numeric,Y,0.35,10,N,N,N,0,
174360,RISE 중국본토대형주CSI100,krx_numeric,N,,0,N,N,N,0,
176950,KODEX 국채선물10년인버스,krx_numeric,N,,0,N,N,N,0,
181480,ACE 미국부동산리츠(합성 H),krx_numeric,N,,0,N,N,N,0,
182480,TIGER 미국MSCI리츠(합성 H),krx_numeric,N,,0,N,N,N,0,
182490,TIGER 단기선진하이일드(합성 H),krx_numeric,N,,0,N,N,N,0,
183700,RISE 200채권혼합50,krx_numeric,N,,0,N,N,N,0,
183710,RISE 주식혼합,krx_numeric,N,,0,N,N,N,0,
185680,KODEX 미국S&P바이오(합성),krx_numeric,N,,0,N,N,N,0,
189400,PLUS 글로벌MSCI(합성 H),krx_numeric,N,,0,N,N,N,0,
190620,ACE 단기통안채,krx_numeric,N,,0,N,N,N,0,
192090,TIGER 차이나CSI300,krx_numeric,N,,0,N,N,N,0,
192720,파워 고배당저변동성,krx_numeric,Y,0.35,10,N,N,N,1,dividend.korea_high_dividend
195920,TIGER 일본TOPIX(합성 H),krx_numeric,N,,0,N,N,N,0,
195930,TIGER 유로스탁스50(합성 H),krx_numeric,N,,0,N,N,N,0,
195970,PLUS 선진국MSCI(합성 H),krx_numeric,N,,0,N,N,N,0,
195980,PLUS 신흥국MSCI(합성 H),krx_numeric,N,,0,N,N,N,0,
196030,ACE 일본TOPIX레버리지(H),krx_numeric,N,,0,N,N,N,0,
196230,RISE 단기통안채,krx_numeric,N,,0,N,N,N,0,
200030,KODEX 미국S&P500산업재(합성),krx_numeric,N,,0,N,N,N,0,
200250,KIWOOM 인도Nifty50(합성),krx_numeric,N,,0,N,N,N,0,
203780,TIGER 미국나스닥바이오,krx_numeric,Y,0.55,0,Y,Y,Y,1,sector.healthcare_bio_pharma
204450,KODEX 차이나H레버리지(H),krx_numeric,N,,0,N,N,N,0,
204480,TIGER 차이나CSI300레버리지(합성),krx_numeric,N,,0,N,N,N,0,
205720,ACE 일본TOPIX인버스(합성 H),krx_numeric,N,,0,N,N,N,0,
210780,TIGER 코스피고배당,krx_numeric,Y,0.35,10,N,N,N,1,dividend.korea_high_dividend
211560,TIGER 배당성장,krx_numeric,Y,0.35,10,N,N,N,1,dividend.korea_high_dividend
211900,KODEX 코리아배당성장,krx_numeric,Y,0.35,10,N,N,N,1,dividend.korea_high_dividend
213610,KODEX 삼성그룹밸류,krx_numeric,Y,0.35,10,N,N,N,1,strategy.value
213630,PLUS 미국다우존스고배당주(합성 H),krx_numeric,N,,0,N,N,N,0,
214980,KODEX 단기채권PLUS,krx_numeric,N,,0,N,N,N,0,
215620,HK S&P코리아로우볼,krx_numeric,Y,0.35,10,N,N,N,0,
217770,TIGER 원유선물인버스(H),krx_numeric,N,,0,N,N,N,0,
217780,TIGER 차이나CSI300인버스(합성),krx_numeric,N,,0,N,N,N,0,
218420,KODEX 미국S&P500에너지(합성),krx_numeric,N,,0,N,N,N,0,
219390,RISE 미국S&P원유생산기업(합성 H),krx_numeric,N,,0,N,N,N,0,
219480,KODEX 미국S&P500선물(H),krx_numeric,N,,0,N,N,N,0,
219900,ACE 중국본토CSI300레버리지(합성),krx_numeric,N,,0,N,N,N,0,
220130,SOL 차이나강소기업CSI500(합성 H),krx_numeric,N,,0,N,N,N,0,
223190,KODEX 200가치저변동,krx_numeric,Y,0.35,10,N,N,N,0,
225030,TIGER 미국S&P500선물인버스(H),krx_numeric,N,,0,N,N,N,0,
225040,TIGER 미국S&P500레버리지(합성 H),krx_numeric,N,,0,N,N,N,0,
225050,TIGER 유로스탁스레버리지(합성 H),krx_numeric,N,,0,N,N,N,0,
225060,TIGER 이머징마켓MSCI레버리지(합성 H),krx_numeric,N,,0,N,N,N,0,
225130,ACE 골드선물 레버리지(합성 H),krx_numeric,N,,0,N,N,N,0,
225800,KIWOOM 미국달러선물레버리지,krx_numeric,Y,0.45,1,N,N,N,1,strategy.leverage
226380,ACE Fn성장소비주도주,krx_numeric,Y,0.35,10,N,N,N,0,
226490,KODEX 코스피,krx_numeric,Y,0.35,10,N,N,N,0,
226980,KODEX 200 중소형,krx_numeric,Y,0.35,10,N,N,N,0,
227540,TIGER 200 헬스케어,krx_numeric,Y,0.35,10,N,N,N,1,sector.healthcare_bio_pharma
227550,TIGER 200 산업재,krx_numeric,Y,0.35,10,N,N,N,1,sector.aerospace_defense
227560,TIGER 200 생활소비재,krx_numeric,Y,0.35,10,N,N,N,0,
227570,TIGER 우량가치,krx_numeric,Y,0.35,10,N,N,N,1,strategy.value
227830,PLUS 코스피,krx_numeric,Y,0.35,10,N,N,N,0,
228790,TIGER 화장품,krx_numeric,Y,0.35,10,N,N,N,0,
228800,TIGER 여행레저,krx_numeric,Y,0.35,10,N,N,N,1,strategy.consumer_discretionary
228810,TIGER 미디어컨텐츠,krx_numeric,Y,0.35,10,N,N,N,1,sector.game_entertainment_media
228820,TIGER KTOP30,krx_numeric,Y,0.35,10,N,N,N,0,
229200,KODEX 코스닥150,krx_numeric,Y,0.35,10,N,N,N,0,
229720,KODEX KTOP30,krx_numeric,Y,0.35,10,N,N,N,0,
230480,KIWOOM 미국달러선물인버스2X,krx_numeric,Y,0.45,1,N,N,N,2,strategy.leverage|strategy.inverse
232080,TIGER 코스닥150,krx_numeric,Y,0.35,10,N,N,N,0,
233160,TIGER 코스닥150 레버리지,krx_numeric,Y,0.45,10,N,N,N,1,strategy.leverage
233740,KODEX 코스닥150레버리지,krx_numeric,Y,0.45,10,N,N,N,1,strategy.leverage
234310,RISE V&S셀렉트밸류,krx_numeric,Y,0.35,10,N,N,N,1,strategy.value
236350,TIGER 인도니프티50레버리지(합성),krx_numeric,N,,0,N,N,N,0,
237350,KODEX 코스피100,krx_numeric,Y,0.35,10,N,N,N,1,sector.semiconductor
237370,KODEX 코리아배당성장채권혼합,krx_numeric,N,,0,N,N,N,0,
237440,TIGER 경기방어채권혼합,krx_numeric,N,,0,N,N,N,0,
238670,PLUS 스마트베타Quality채권혼합,krx_numeric,N,,0,N,N,N,0,
238720,ACE 일본Nikkei225(H),krx_numeric,N,,0,N,N,N,0,
239660,PLUS 우량회사채50,krx_numeric,N,,0,N,N,N,0,
241180,TIGER 일본니케이225,krx_numeric,N,,0,N,N,N,0,
241390,RISE V&S셀렉트밸류채권혼합,krx_numeric,N,,0,N,N,N,0,
243880,TIGER 200IT레버리지,krx_numeric,Y,0.45,10,N,N,N,2,strategy.leverage|sector.semiconductor
243890,TIGER 200에너지화학레버리지,krx_numeric,Y,0.45,10,N,N,N,1,strategy.leverage
244580,KODEX 바이오,krx_numeric,Y,0.75,51,Y,Y,Y,1,sector.healthcare_bio_pharma
244620,KODEX 모멘텀Plus,krx_numeric,Y,0.35,10,N,N,N,0,
244660,KODEX 퀄리티Plus,krx_numeric,Y,0.35,10,N,N,N,0,
244670,KODEX 밸류Plus,krx_numeric,Y,0.35,10,N,N,N,1,strategy.value
245340,TIGER 미국다우존스30,krx_numeric,N,,0,N,N,N,0,
245350,TIGER 유로스탁스배당30,krx_numeric,N,,0,N,N,N,0,
245360,TIGER 차이나HSCEI,krx_numeric,N,,0,N,N,N,0,
245710,ACE 베트남VN30(합성),krx_numeric,N,,0,N,N,N,0,
248270,TIGER S&P글로벌헬스케어(합성),krx_numeric,N,,0,N,N,N,0,
250730,RISE 차이나HSCEI(H),krx_numeric,N,,0,N,N,N,0,
250780,TIGER 코스닥150선물인버스,krx_numeric,N,,0,N,N,N,0,
251340,KODEX 코스닥150선물인버스,krx_numeric,N,,0,N,N,N,0,
251350,KODEX MSCI선진국,krx_numeric,N,,0,N,N,N,0,
251590,PLUS 고배당저변동50,krx_numeric,Y,0.35,10,N,N,N,1,dividend.korea_high_dividend
251600,PLUS 고배당주채권혼합,krx_numeric,N,,0,N,N,N,0,
252000,TIGER 200동일가중,krx_numeric,Y,0.35,10,N,N,N,0,
252400,RISE 200선물레버리지,krx_numeric,Y,0.45,3,N,N,N,1,strategy.leverage
252410,RISE 200선물인버스,krx_numeric,Y,0.45,1,N,N,N,1,strategy.inverse
252420,RISE 200선물인버스2X,krx_numeric,Y,0.45,2,N,N,N,2,strategy.leverage|strategy.inverse
252650,KODEX 200동일가중,krx_numeric,Y,0.35,10,N,N,N,0,
252670,KODEX 200선물인버스2X,krx_numeric,Y,0.45,1,N,N,N,2,strategy.leverage|strategy.inverse
252710,TIGER 200선물인버스2X,krx_numeric,Y,0.45,1,N,N,N,2,strategy.leverage|strategy.inverse
253150,PLUS 200선물레버리지,krx_numeric,Y,0.45,4,N,N,N,1,strategy.leverage
253160,PLUS 200선물인버스2X,krx_numeric,Y,0.45,2,N,N,N,2,strategy.leverage|strategy.inverse
253230,KIWOOM 200선물인버스2X,krx_numeric,Y,0.45,2,N,N,N,2,strategy.leverage|strategy.inverse
253240,KIWOOM 200선물인버스,krx_numeric,Y,0.45,1,N,N,N,1,strategy.inverse
253250,KIWOOM 200선물레버리지,krx_numeric,Y,0.45,1,N,N,N,1,strategy.leverage
253280,RISE 헬스케어,krx_numeric,Y,0.35,10,N,N,N,1,sector.healthcare_bio_pharma
253290,RISE 헬스케어채권혼합,krx_numeric,N,,0,N,N,N,0,
256440,ACE MSCI인도네시아(합성),krx_numeric,N,,0,N,N,N,0,
256450,PLUS 심천차이넥스트(합성),krx_numeric,N,,0,N,N,N,0,
256750,KODEX 차이나심천ChiNext(합성),krx_numeric,N,,0,N,N,N,0,
261060,TIGER 코스닥150IT,krx_numeric,Y,0.35,10,N,N,N,1,sector.semiconductor
261070,TIGER 코스닥150바이오테크,krx_numeric,Y,0.35,10,N,N,N,1,sector.healthcare_bio_pharma
261110,TIGER 미국달러선물레버리지,krx_numeric,Y,0.45,2,N,N,N,1,strategy.leverage
261120,TIGER 미국달러선물인버스2X,krx_numeric,Y,0.45,2,N,N,N,2,strategy.leverage|strategy.inverse
261140,TIGER 우선주,krx_numeric,Y,0.35,10,N,N,N,0,
261220,KODEX WTI원유선물(H),krx_numeric,N,,0,N,N,N,0,
261240,KODEX 미국달러선물,krx_numeric,N,,0,N,N,N,0,
261250,KODEX 미국달러선물레버리지,krx_numeric,Y,0.45,4,N,N,N,1,strategy.leverage
261260,KODEX 미국달러선물인버스2X,krx_numeric,Y,0.45,5,N,N,N,2,strategy.leverage|strategy.inverse
261270,KODEX 미국달러선물인버스,krx_numeric,N,,0,N,N,N,0,
261920,ACE MSCI필리핀(합성),krx_numeric,N,,0,N,N,N,0,
265690,ACE 러시아MSCI(합성),krx_numeric,N,,0,N,N,N,0,
266160,RISE 고배당,krx_numeric,Y,0.35,10,N,N,N,1,dividend.korea_high_dividend
266360,KODEX K콘텐츠,krx_numeric,Y,0.35,10,N,N,N,1,sector.game_entertainment_media
266370,KODEX IT,krx_numeric,Y,0.35,10,N,N,N,1,sector.semiconductor
266390,KODEX 경기소비재,krx_numeric,Y,0.35,10,N,N,N,1,strategy.consumer_discretionary
266410,KODEX 필수소비재,krx_numeric,Y,0.35,10,N,N,N,0,
266420,KODEX 헬스케어,krx_numeric,Y,0.35,10,N,N,N,1,sector.healthcare_bio_pharma
266550,PLUS 중형주저변동50,krx_numeric,Y,0.35,10,N,N,N,0,
267440,RISE 미국장기국채선물(H),krx_numeric,N,,0,N,N,N,0,
267450,RISE 미국장기국채선물인버스(H),krx_numeric,N,,0,N,N,N,0,
267490,RISE 미국장기국채선물레버리지(합성 H),krx_numeric,N,,0,N,N,N,0,
267770,TIGER 200선물레버리지,krx_numeric,Y,0.45,3,N,N,N,1,strategy.leverage
269370,TIGER S&P글로벌인프라(합성),krx_numeric,N,,0,N,N,N,0,
269420,KODEX S&P글로벌인프라(합성),krx_numeric,N,,0,N,N,N,0,
269530,PLUS S&P글로벌인프라,krx_numeric,N,,0,N,N,N,0,
269540,PLUS 미국S&P500(H),krx_numeric,N,,0,N,N,N,0,
270800,RISE KQ고배당,krx_numeric,Y,0.35,10,N,N,N,0,
270810,RISE 코스닥150,krx_numeric,Y,0.35,10,N,N,N,0,
271050,KODEX WTI원유선물인버스(H),krx_numeric,N,,0,N,N,N,0,
271060,KODEX 3대농산물선물(H),krx_numeric,N,,0,N,N,N,0,
272560,RISE 단기국공채액티브,krx_numeric,N,,0,N,N,N,0,
272570,RISE 중장기국공채액티브,krx_numeric,N,,0,N,N,N,0,
272580,TIGER 단기채권액티브,krx_numeric,N,,0,N,N,N,0,
272910,ACE 중장기국공채액티브,krx_numeric,N,,0,N,N,N,0,
273130,KODEX 종합채권(AA-이상)액티브,krx_numeric,N,,0,N,N,N,0,
273140,KODEX 단기변동금리부채권액티브,krx_numeric,N,,0,N,N,N,0,
275280,KODEX 모멘텀주,krx_numeric,Y,0.35,10,N,N,N,0,
275290,KODEX 가치주,krx_numeric,Y,0.35,10,N,N,N,1,strategy.value
275300,KODEX 우량주,krx_numeric,Y,0.35,10,N,N,N,0,
275750,RISE 코스닥150선물인버스,krx_numeric,N,,0,N,N,N,0,
275980,TIGER 글로벌4차산업혁신기술(합성 H),krx_numeric,N,,0,N,N,N,0,
276000,TIGER 글로벌자원생산기업(합성 H),krx_numeric,N,,0,N,N,N,0,
276650,RISE 글로벌테크놀로지(합성 H),krx_numeric,N,,0,N,N,N,0,
276970,KODEX 미국S&P500배당귀족커버드콜(합성 H),krx_numeric,N,,0,N,N,N,0,
276990,KODEX 글로벌로봇(합성),krx_numeric,N,,0,N,N,N,0,
277540,ACE 아시아TOP50,krx_numeric,N,,0,N,N,N,0,
277630,TIGER 코스피,krx_numeric,Y,0.35,10,N,N,N,0,
277640,TIGER 코스피대형주,krx_numeric,Y,0.35,10,N,N,N,0,
277650,TIGER 코스피중형주,krx_numeric,Y,0.35,10,N,N,N,0,
278240,RISE 코스닥150선물레버리지,krx_numeric,Y,0.45,3,N,N,N,1,strategy.leverage
278530,KODEX 200TR,krx_numeric,Y,0.35,10,N,N,N,0,
278540,KODEX MSCI Korea TR,krx_numeric,Y,0.35,10,N,N,N,0,
278620,PLUS 단기채권액티브,krx_numeric,N,,0,N,N,N,0,
279530,KODEX 고배당주,krx_numeric,Y,0.35,10,N,N,N,1,dividend.korea_high_dividend
279540,KODEX 최소변동성,krx_numeric,Y,0.35,10,N,N,N,0,
280320,ACE 미국IT인터넷(합성 H),krx_numeric,N,,0,N,N,N,0,
280920,PLUS 주도업종,krx_numeric,Y,0.35,10,N,N,N,0,
280930,KODEX 미국러셀2000(H),krx_numeric,N,,0,N,N,N,0,
280940,KODEX 골드선물인버스(H),krx_numeric,N,,0,N,N,N,0,
281990,RISE 중소형고배당,krx_numeric,Y,0.35,10,N,N,N,1,dividend.korea_high_dividend
282000,RISE 국고채3년선물인버스,krx_numeric,N,,0,N,N,N,0,
283580,KODEX 차이나CSI300,krx_numeric,N,,0,N,N,N,0,
284430,KODEX 200미국채혼합50,krx_numeric,N,,0,N,N,N,0,
284980,RISE 200금융,krx_numeric,Y,0.35,10,N,N,N,1,sector.financials
285690,FOCUS ESG리더스,krx_numeric,Y,0.35,10,N,N,N,0,
287180,PLUS 미국나스닥테크,krx_numeric,N,,0,N,N,N,0,
289040,KODEX MSCI KOREA ESG유니버설,krx_numeric,Y,0.35,10,N,N,N,0,
289250,TIGER MSCI KOREA ESG유니버설,krx_numeric,Y,0.35,10,N,N,N,0,
289260,TIGER MSCI KOREA ESG리더스,krx_numeric,Y,0.35,10,N,N,N,0,
289480,TIGER 200커버드콜,krx_numeric,Y,0.45,10,N,N,N,1,dividend.covered_call
289670,PLUS 국채선물10년,krx_numeric,N,,0,N,N,N,0,
290080,RISE 200고배당커버드콜ATM,krx_numeric,Y,0.45,10,N,N,N,1,dividend.covered_call
290130,RISE ESG사회책임투자,krx_numeric,Y,0.35,10,N,N,N,0,
291130,ACE MSCI멕시코(합성),krx_numeric,N,,0,N,N,N,0,
291620,KIWOOM 코스닥150선물인버스,krx_numeric,N,,0,N,N,N,0,
291630,KIWOOM 코스닥150선물레버리지,krx_numeric,Y,0.45,1,N,N,N,1,strategy.leverage
291680,RISE 차이나H선물인버스(H),krx_numeric,N,,0,N,N,N,0,
291890,KODEX MSCI EM선물(H),krx_numeric,N,,0,N,N,N,0,
292050,RISE KRX300,krx_numeric,Y,0.35,10,N,N,N,0,
292150,TIGER 코리아TOP10,krx_numeric,Y,0.35,10,N,N,N,0,
292160,TIGER KRX300,krx_numeric,Y,0.35,10,N,N,N,0,
292190,KODEX KRX300,krx_numeric,Y,0.35,10,N,N,N,0,
292500,SOL KRX300,krx_numeric,Y,0.35,10,N,N,N,0,
292560,TIGER 일본엔선물,krx_numeric,N,,0,N,N,N,0,
292770,KODEX 국채선물3년인버스,krx_numeric,N,,0,N,N,N,0,
293180,HANARO 200,krx_numeric,Y,0.35,10,N,N,N,0,
294400,KIWOOM 200TR,krx_numeric,Y,0.35,10,N,N,N,0,
295000,RISE 국채선물10년,krx_numeric,N,,0,N,N,N,0,
295020,RISE 국채선물10년인버스,krx_numeric,N,,0,N,N,N,0,
295040,SOL 200TR,krx_numeric,Y,0.35,10,N,N,N,0,
298340,PLUS 국채선물3년,krx_numeric,Y,0.35,1,N,N,N,0,
298770,KODEX 한국대만IT프리미어,krx_numeric,N,,0,N,N,N,0,
300610,TIGER K게임,krx_numeric,Y,0.35,10,N,N,N,1,sector.game_entertainment_media
300640,RISE 게임테마,krx_numeric,Y,0.35,10,N,N,N,1,sector.game_entertainment_media
300950,KODEX 게임산업,krx_numeric,Y,0.35,10,N,N,N,1,sector.game_entertainment_media
301400,PLUS 코스닥150,krx_numeric,Y,0.35,10,N,N,N,0,
302190,TIGER 중장기국채,krx_numeric,N,,0,N,N,N,0,
302450,RISE 코스피,krx_numeric,Y,0.35,10,N,N,N,0,
304660,KODEX 미국30년국채울트라선물(H),krx_numeric,N,,0,N,N,N,0,
304670,KODEX 미국30년국채울트라선물인버스(H),krx_numeric,N,,0,N,N,N,0,
304760,HANARO KRX300,krx_numeric,Y,0.35,10,N,N,N,0,
304770,HANARO 코스닥150,krx_numeric,Y,0.35,10,N,N,N,0,
304780,HANARO 200선물레버리지,krx_numeric,Y,0.45,3,N,N,N,1,strategy.leverage
304940,KODEX 미국나스닥100선물(H),krx_numeric,N,,0,N,N,N,0,
305050,ACE 코스피,krx_numeric,Y,0.35,10,N,N,N,0,
305080,TIGER 미국채10년선물,krx_numeric,N,,0,N,N,N,0,
305540,TIGER 2차전지테마,krx_numeric,Y,0.35,10,N,N,N,1,sector.ev_battery
305720,KODEX 2차전지산업,krx_numeric,Y,0.35,10,N,N,N,1,sector.ev_battery
306520,HANARO 200선물인버스,krx_numeric,N,,0,N,N,N,0,
306530,HANARO 코스닥150선물레버리지,krx_numeric,Y,0.45,2,N,N,N,1,strategy.leverage
306950,KODEX KRX300레버리지,krx_numeric,Y,0.45,10,N,N,N,1,strategy.leverage
307510,TIGER 의료기기,krx_numeric,Y,0.35,10,N,N,N,1,sector.healthcare_bio_pharma
307520,TIGER 지주회사,krx_numeric,Y,0.35,10,N,N,N,0,
308620,KODEX 미국10년국채선물,krx_numeric,N,,0,N,N,N,0,
309230,ACE 미국WideMoat동일가중,krx_numeric,N,,0,N,N,N,0,
310080,RISE 중국MSCI China(H),krx_numeric,N,,0,N,N,N,0,
310960,TIGER 200TR,krx_numeric,Y,0.35,10,N,N,N,0,
310970,TIGER MSCI Korea TR,krx_numeric,Y,0.35,10,N,N,N,0,
314250,KODEX 미국빅테크10(H),krx_numeric,N,,0,N,N,N,0,
314700,HANARO 농업융복합산업,krx_numeric,Y,0.35,10,N,N,N,0,
315270,TIGER 200커뮤니케이션서비스,krx_numeric,Y,0.35,10,N,N,N,0,
315930,KODEX Top5PlusTR,krx_numeric,Y,0.35,10,N,N,N,0,
315960,RISE 대형고배당10TR,krx_numeric,Y,0.35,10,N,N,N,1,dividend.korea_high_dividend
316300,ACE 싱가포르리츠,krx_numeric,N,,0,N,N,N,0,
316670,KIWOOM 코스닥150,krx_numeric,Y,0.35,10,N,N,N,0,
319640,TIGER 골드선물(H),krx_numeric,N,,0,N,N,N,0,
321410,KODEX 멀티에셋하이인컴(H),krx_numeric,N,,0,N,N,N,0,
322400,HANARO e커머스,krx_numeric,Y,0.35,10,N,N,N,0,
322410,HANARO K고배당,krx_numeric,Y,0.35,10,N,N,N,1,dividend.korea_high_dividend
325010,KODEX 성장주,krx_numeric,Y,0.35,10,N,N,N,1,strategy.growth
325020,KODEX 배당가치,krx_numeric,Y,0.35,10,N,N,N,2,dividend.korea_high_dividend|strategy.value
326230,RISE 내수주플러스,krx_numeric,Y,0.35,10,N,N,N,0,
326240,RISE IT플러스,krx_numeric,Y,0.35,10,N,N,N,1,sector.it
328370,PLUS 코스피TR,krx_numeric,Y,0.35,10,N,N,N,0,
329200,TIGER 리츠부동산인프라,krx_numeric,Y,0.35,10,N,N,N,1,strategy.reit
329650,KODEX TRF3070,krx_numeric,N,,0,N,N,N,0,
329660,KODEX TRF5050,krx_numeric,N,,0,N,N,N,0,
329670,KODEX TRF7030,krx_numeric,N,,0,N,N,N,0,
329750,TIGER 미국달러단기채권액티브,krx_numeric,N,,0,N,N,N,0,
332500,ACE 200TR,krx_numeric,Y,0.35,10,N,N,N,0,
332610,PLUS 미국단기회사채(AAA~A),krx_numeric,N,,0,N,N,N,0,
332620,PLUS 미국장기우량회사채,krx_numeric,N,,0,N,N,N,0,
332930,HANARO 200TR,krx_numeric,Y,0.35,10,N,N,N,0,
332940,HANARO MSCI Korea TR,krx_numeric,Y,0.35,10,N,N,N,0,
334690,RISE 팔라듐선물(H),krx_numeric,N,,0,N,N,N,0,
334700,RISE 팔라듐선물인버스(H),krx_numeric,N,,0,N,N,N,0,
336160,RISE 금융채액티브,krx_numeric,N,,0,N,N,N,0,
337120,KODEX 멀티팩터,krx_numeric,Y,0.35,10,N,N,N,0,
337140,KODEX 코스피대형주,krx_numeric,Y,0.35,10,N,N,N,0,
337150,KODEX 200exTOP,krx_numeric,Y,0.35,10,N,N,N,0,
337160,KODEX 200ESG,krx_numeric,Y,0.35,10,N,N,N,0,
341850,TIGER 리츠부동산인프라채권,krx_numeric,Y,0.35,10,N,N,N,1,strategy.reit
352540,KODEX 일본부동산리츠(H),krx_numeric,N,,0,N,N,N,0,
352560,KODEX 미국부동산리츠(H),krx_numeric,N,,0,N,N,N,0,
354240,RISE 미국고정배당우선증권,krx_numeric,N,,0,N,N,N,0,
354350,HANARO 글로벌럭셔리S&P(합성),krx_numeric,N,,0,N,N,N,0,
354500,ACE 코스닥150,krx_numeric,Y,0.35,10,N,N,N,0,
356540,ACE 종합채권(AA-이상)액티브,krx_numeric,N,,0,N,N,N,0,
357870,TIGER CD금리투자KIS(합성),krx_numeric,N,,0,N,N,N,0,
359210,KODEX 코스피TR,krx_numeric,Y,0.35,10,N,N,N,0,
360140,KODEX 200롱코스닥150숏선물,krx_numeric,Y,0.35,10,N,N,N,0,
360150,KODEX 코스닥150롱코스피200숏선물,krx_numeric,Y,0.35,2,N,N,N,0,
360200,ACE 미국S&P500,krx_numeric,N,,0,N,N,N,0,
360750,TIGER 미국S&P500,krx_numeric,Y,0.55,0,Y,Y,Y,1,strategy.sp500
361580,RISE 200TR,krx_numeric,Y,0.35,10,N,N,N,0,
363510,SOL KIS단기통안채,krx_numeric,N,,0,N,N,N,0,
363570,KODEX 장기종합채권(AA-이상)액티브,krx_numeric,N,,0,N,N,N,0,
363580,KODEX 200IT TR,krx_numeric,Y,0.35,10,N,N,N,2,sector.it|sector.semiconductor
364690,KODEX 혁신기술테마액티브,krx_numeric,Y,0.45,10,N,N,N,1,sector.tech_general
364960,TIGER BBIG,krx_numeric,Y,0.35,10,N,N,N,3,sector.ev_battery|sector.healthcare_bio_pharma|sector.game_entertainment_media
364970,TIGER 바이오TOP10,krx_numeric,Y,0.35,10,N,N,N,1,sector.healthcare_bio_pharma
364980,TIGER 2차전지TOP10,krx_numeric,Y,0.35,10,N,N,N,1,sector.ev_battery
364990,TIGER 게임TOP10,krx_numeric,Y,0.35,10,N,N,N,1,sector.game_entertainment_media
365000,TIGER 인터넷TOP10,krx_numeric,Y,0.35,10,N,N,N,1,sector.it
365040,TIGER AI코리아그로스액티브,krx_numeric,Y,0.45,10,N,N,N,2,sector.semiconductor|strategy.growth
365780,ACE 국고채10년,krx_numeric,N,,0,N,N,N,0,
367380,ACE 미국나스닥100,krx_numeric,N,,0,N,N,N,0,
367740,HANARO Fn5G산업,krx_numeric,Y,0.35,10,N,N,N,1,sector.semiconductor
367760,RISE 네트워크인프라,krx_numeric,Y,0.35,10,N,N,N,1,sector.semiconductor
367770,RISE 수소경제테마,krx_numeric,Y,0.35,10,N,N,N,1,sector.clean_energy
368190,HANARO Fn K-뉴딜디지털플러스,krx_numeric,Y,0.35,10,N,N,N,2,sector.healthcare_bio_pharma|sector.ev_battery
368590,RISE 미국나스닥100,krx_numeric,N,,0,N,N,N,0,
368680,KODEX K-뉴딜디지털플러스,krx_numeric,Y,0.35,10,N,N,N,2,sector.healthcare_bio_pharma|sector.ev_battery
371150,RISE 차이나항셍테크,krx_numeric,N,,0,N,N,N,0,
371160,TIGER 차이나항셍테크,krx_numeric,N,,0,N,N,N,0,
371450,TIGER 글로벌클라우드컴퓨팅INDXX,krx_numeric,N,,0,N,N,N,0,
371460,TIGER 차이나전기차SOLACTIVE,krx_numeric,N,,0,N,N,N,0,
371470,TIGER 차이나바이오테크SOLACTIVE,krx_numeric,N,,0,N,N,N,0,
371870,ACE 차이나항셍테크,krx_numeric,N,,0,N,N,N,0,
372330,KODEX 차이나항셍테크,krx_numeric,N,,0,N,N,N,0,
373490,KODEX 코리아혁신성장액티브,krx_numeric,Y,0.45,10,N,N,N,1,strategy.growth
373790,KIWOOM 미국방어배당성장나스닥,krx_numeric,N,,0,N,N,N,0,
375270,RISE 글로벌데이터센터리츠(합성),krx_numeric,N,,0,N,N,N,0,
375760,HANARO 탄소효율그린뉴딜,krx_numeric,Y,0.35,10,N,N,N,0,
375770,KODEX 탄소효율그린뉴딜,krx_numeric,Y,0.35,10,N,N,N,0,
376410,TIGER 탄소효율그린뉴딜,krx_numeric,Y,0.35,10,N,N,N,0,
377990,TIGER Fn신재생에너지,krx_numeric,Y,0.35,10,N,N,N,1,sector.clean_energy
379780,RISE 미국S&P500,krx_numeric,N,,0,N,N,N,0,
379790,RISE 유로스탁스50(H),krx_numeric,N,,0,N,N,N,0,
379800,KODEX 미국S&P500,krx_numeric,Y,0.55,0,Y,Y,Y,1,strategy.sp500
379810,KODEX 미국나스닥100,krx_numeric,Y,0.55,0,Y,Y,Y,1,strategy.nasdaq100
380340,ACE 코리아AI테크핵심산업,krx_numeric,Y,0.35,10,N,N,N,2,sector.semiconductor|sector.it
381170,TIGER 미국테크TOP10 INDXX,krx_numeric,N,,0,N,N,N,0,
381180,TIGER 미국필라델피아반도체나스닥,krx_numeric,N,,0,N,N,N,0,
381560,HANARO Fn전기&수소차,krx_numeric,Y,0.35,10,N,N,N,1,sector.ev_battery
381570,HANARO Fn친환경에너지,krx_numeric,Y,0.35,10,N,N,N,2,sector.clean_energy|sector.ev_battery
385510,KODEX 신재생에너지액티브,krx_numeric,Y,0.45,10,N,N,N,1,sector.clean_energy
385520,KODEX 자율주행액티브,krx_numeric,Y,0.45,10,N,N,N,1,sector.autonomous_mobility
385540,RISE 종합채권(A-이상)액티브,krx_numeric,N,,0,N,N,N,0,
385550,RISE 단기채권알파액티브,krx_numeric,N,,0,N,N,N,0,
385560,RISE KIS국고채30년Enhanced,krx_numeric,N,,0,N,N,N,0,
385590,ACE ESG액티브,krx_numeric,Y,0.45,10,N,N,N,0,
385600,ACE 2차전지&친환경차액티브,krx_numeric,Y,0.45,10,N,N,N,1,sector.ev_battery
385710,TIME K이노베이션액티브,krx_numeric,Y,0.45,10,N,N,N,2,sector.ev_battery|sector.healthcare_bio_pharma
385720,TIME 코스피액티브,krx_numeric,Y,0.45,10,N,N,N,0,
387270,TIGER 글로벌이노베이션액티브,krx_numeric,N,,0,N,N,N,0,
387280,TIGER 퓨처모빌리티액티브,krx_numeric,Y,0.45,10,N,N,N,2,sector.ev_battery|sector.autonomous_mobility
388280,RISE K엔터&여행레저,krx_numeric,Y,0.35,10,N,N,N,1,strategy.consumer_discretionary
388420,RISE 비메모리반도체액티브,krx_numeric,Y,0.45,10,N,N,N,1,sector.semiconductor
390390,KODEX 미국반도체,krx_numeric,N,,0,N,N,N,0,
390400,KODEX 미국스마트모빌리티S&P,krx_numeric,N,,0,N,N,N,0,
391600,ACE 미국친환경그린테마,krx_numeric,N,,0,N,N,N,0,
391670,HK 베스트일레븐액티브,krx_numeric,Y,0.45,10,N,N,N,0,
394660,TIGER 글로벌자율주행&전기차SOLACTIVE,krx_numeric,N,,0,N,N,N,0,
394670,TIGER 글로벌리튬&2차전지SOLACTIVE(합성),krx_numeric,N,,0,N,N,N,0,
395150,KODEX 웹툰&드라마,krx_numeric,Y,0.35,10,N,N,N,1,sector.game_entertainment_media
395160,KODEX AI반도체TOP2플러스,krx_numeric,Y,0.35,10,N,N,N,1,sector.semiconductor
395170,KODEX Top10동일가중,krx_numeric,Y,0.35,10,N,N,N,0,
395270,HANARO Fn K-반도체,krx_numeric,Y,0.35,10,N,N,N,1,sector.semiconductor
395280,HANARO Fn K-게임,krx_numeric,Y,0.35,10,N,N,N,1,sector.game_entertainment_media
395290,HANARO Fn K-POP&미디어,krx_numeric,Y,0.35,10,N,N,N,1,sector.game_entertainment_media
395750,PLUS ESG가치주액티브,krx_numeric,Y,0.45,10,N,N,N,1,strategy.value
395760,PLUS ESG성장주액티브,krx_numeric,Y,0.45,10,N,N,N,1,strategy.growth
396500,TIGER 반도체TOP10,krx_numeric,Y,0.35,10,N,N,N,1,sector.semiconductor
396510,TIGER 차이나클린에너지SOLACTIVE,krx_numeric,N,,0,N,N,N,0,
396520,TIGER 차이나반도체FACTSET,krx_numeric,N,,0,N,N,N,0,
397420,RISE 국채선물5년추종,krx_numeric,N,,0,N,N,N,0,
399110,SOL 미국S&P500ESG,krx_numeric,N,,0,N,N,N,0,
399580,RISE 글로벌클린에너지,krx_numeric,N,,0,N,N,N,0,
400570,KODEX 유럽탄소배출권선물ICE(H),krx_numeric,N,,0,N,N,N,0,
400580,SOL 유럽탄소배출권선물S&P(H),krx_numeric,N,,0,N,N,N,0,
400590,SOL 글로벌탄소배출권선물ICE(합성),krx_numeric,N,,0,N,N,N,0,
400970,TIGER Fn메타버스,krx_numeric,Y,0.35,10,N,N,N,1,sector.game_entertainment_media
401170,RISE 메타버스,krx_numeric,Y,0.35,10,N,N,N,1,sector.game_entertainment_media
401470,KODEX 메타버스액티브,krx_numeric,Y,0.45,10,N,N,N,1,sector.game_entertainment_media
401590,HANARO 글로벌탄소배출권선물ICE(합성),krx_numeric,N,,0,N,N,N,0,
402460,HANARO Fn K-메타버스MZ,krx_numeric,Y,0.35,10,N,N,N,0,
402970,ACE 미국배당다우존스,krx_numeric,N,,0,N,N,N,0,
403790,MIDAS 코스피액티브,krx_numeric,Y,0.45,10,N,N,N,0,
404120,TIME K신재생에너지액티브,krx_numeric,Y,0.45,10,N,N,N,1,sector.clean_energy
404260,KODEX 기후변화솔루션,krx_numeric,Y,0.35,10,N,N,N,1,sector.clean_energy
404540,TIGER KRX기후변화솔루션,krx_numeric,Y,0.35,10,N,N,N,1,sector.clean_energy
404650,SOL KRX기후변화솔루션,krx_numeric,Y,0.35,10,N,N,N,1,sector.clean_energy
407300,HANARO Fn골프테마,krx_numeric,Y,0.35,10,N,N,N,0,
407310,HANARO 200 TOP10,krx_numeric,Y,0.35,10,N,N,N,0,
407820,에셋플러스 코리아플랫폼액티브,krx_numeric,Y,0.45,10,N,N,N,0,
407830,에셋플러스 글로벌플랫폼액티브,krx_numeric,N,,0,N,N,N,0,
409810,KODEX 미국나스닥100선물인버스(H),krx_numeric,N,,0,N,N,N,0,
409820,KODEX 미국나스닥100레버리지(합성 H),krx_numeric,N,,0,N,N,N,0,
410870,TIME K컬처액티브,krx_numeric,Y,0.45,10,N,N,N,1,sector.game_entertainment_media
411060,ACE KRX금현물,krx_numeric,N,,0,N,N,N,0,
411420,KODEX 미국나스닥AI테크액티브,krx_numeric,N,,0,N,N,N,0,
411540,SOL 200 Top10,krx_numeric,Y,0.35,10,N,N,N,0,
411860,KIWOOM 독일DAX,krx_numeric,N,,0,N,N,N,0,
412560,TIGER BBIG레버리지,krx_numeric,Y,0.45,10,N,N,N,1,strategy.leverage
412570,TIGER 2차전지TOP10레버리지,krx_numeric,Y,0.45,10,N,N,N,2,strategy.leverage|sector.ev_battery
412770,TIGER 글로벌AI플랫폼액티브,krx_numeric,N,,0,N,N,N,0,
413220,SOL 차이나태양광CSI(합성),krx_numeric,N,,0,N,N,N,0,
413930,WON AI ESG액티브,krx_numeric,Y,0.45,10,N,N,N,0,
414270,ACE 글로벌자율주행액티브,krx_numeric,N,,0,N,N,N,0,
414780,TIGER 차이나과창판STAR50(합성),krx_numeric,N,,0,N,N,N,0,
415340,KODEX 차이나과창판STAR50(합성),krx_numeric,N,,0,N,N,N,0,
415760,SOL 차이나육성산업액티브(합성),krx_numeric,N,,0,N,N,N,0,
415920,PLUS 글로벌희토류&전략자원생산기업,krx_numeric,N,,0,N,N,N,0,
416090,ACE 중국과창판STAR50,krx_numeric,N,,0,N,N,N,0,
417450,RISE 글로벌수소경제,krx_numeric,N,,0,N,N,N,0,
417630,TIGER KEDI혁신기업ESG30,krx_numeric,Y,0.35,10,N,N,N,0,
418660,TIGER 미국나스닥100레버리지(합성),krx_numeric,N,,0,N,N,N,0,
418670,TIGER 글로벌AI사이버보안,krx_numeric,N,,0,N,N,N,0,
419420,KODEX 미국클린에너지나스닥,krx_numeric,N,,0,N,N,N,0,
419430,KODEX 차이나2차전지MSCI(합성),krx_numeric,N,,0,N,N,N,0,
419650,PLUS 글로벌수소&차세대연료전지,krx_numeric,N,,0,N,N,N,0,
419890,KIWOOM 단기채권ESG액티브,krx_numeric,N,,0,N,N,N,0,
421320,PLUS 우주항공,krx_numeric,Y,0.35,10,N,N,N,1,sector.aerospace_defense
422420,RISE 2차전지액티브,krx_numeric,Y,0.45,10,N,N,N,1,sector.ev_battery
423160,KODEX KOFR금리액티브(합성),krx_numeric,N,,0,N,N,N,0,
423170,SOL 글로벌AI반도체탑픽액티브,krx_numeric,N,,0,N,N,N,0,
423920,TIGER 미국필라델피아반도체레버리지(합성),krx_numeric,N,,0,N,N,N,0,
424460,HANARO 글로벌워터MSCI(합성),krx_numeric,N,,0,N,N,N,0,
426020,TIME 미국S&P500액티브,krx_numeric,N,,0,N,N,N,0,
426030,TIME 미국나스닥100액티브,krx_numeric,N,,0,N,N,N,0,
426150,WON 대한민국국고채액티브,krx_numeric,N,,0,N,N,N,0,
427120,RISE AI플랫폼,krx_numeric,Y,0.35,10,N,N,N,1,sector.it
428510,KODEX 차이나AI테크액티브,krx_numeric,N,,0,N,N,N,0,
428560,KODEX 미국ETF산업Top10 Indxx,krx_numeric,N,,0,N,N,N,0,
429000,TIGER 미국S&P500배당귀족,krx_numeric,N,,0,N,N,N,0,
429010,TIGER 미국나스닥넥스트100,krx_numeric,N,,0,N,N,N,0,
429740,PLUS K리츠,krx_numeric,Y,0.35,10,N,N,N,1,strategy.reit
429760,PLUS 미국S&P500,krx_numeric,N,,0,N,N,N,0,
429980,SOL 한국형글로벌전기차&2차전지액티브,krx_numeric,N,,0,N,N,N,0,
430500,KIWOOM 물가채KIS,krx_numeric,N,,0,N,N,N,0,
432600,RISE 국채선물3년,krx_numeric,N,,0,N,N,N,0,
432840,HANARO 미국S&P500,krx_numeric,N,,0,N,N,N,0,
433220,에셋플러스 글로벌대장장이액티브,krx_numeric,N,,0,N,N,N,0,
433250,UNICORN R&D 액티브,krx_numeric,Y,0.45,10,N,N,N,0,
433330,SOL 미국S&P500,krx_numeric,N,,0,N,N,N,0,
433500,ACE 원자력TOP10,krx_numeric,Y,0.35,10,N,N,N,0,
433880,PLUS TDF2060액티브 적격,krx_numeric,N,,0,N,N,N,0,
433970,KODEX TDF2030액티브 적격,krx_numeric,N,,0,N,N,N,0,
433980,KODEX TDF2040액티브 적격,krx_numeric,N,,0,N,N,N,0,
434060,KODEX TDF2050액티브 적격,krx_numeric,N,,0,N,N,N,0,
434730,HANARO 원자력iSelect,krx_numeric,Y,0.35,10,N,N,N,0,
434960,DAISHIN343 K200,krx_numeric,Y,0.35,10,N,N,N,0,
435040,ACE 글로벌브랜드TOP10,krx_numeric,N,,0,N,N,N,0,
435420,TIGER 미국나스닥100채권혼합50,krx_numeric,N,,0,N,N,N,0,
435530,KIWOOM TDF2030액티브 적격,krx_numeric,N,,0,N,N,N,0,
435540,KIWOOM TDF2040액티브 적격,krx_numeric,N,,0,N,N,N,0,
435550,KIWOOM TDF2050액티브 적격,krx_numeric,N,,0,N,N,N,0,
436140,SOL 종합채권(AA-이상)액티브,krx_numeric,N,,0,N,N,N,0,
437070,KODEX 아시아달러채권ESG플러스액티브,krx_numeric,N,,0,N,N,N,0,
437080,KODEX 미국종합채권ESG액티브(H),krx_numeric,N,,0,N,N,N,0,
437350,RISE 미국단기투자등급회사채액티브,krx_numeric,N,,0,N,N,N,0,
437370,RISE 글로벌농업경제,krx_numeric,N,,0,N,N,N,0,
438080,ACE 미국S&P500미국채혼합50액티브,krx_numeric,N,,0,N,N,N,0,
438100,ACE 미국나스닥100미국채혼합50액티브,krx_numeric,N,,0,N,N,N,0,
438320,TIGER 차이나항셍테크레버리지(합성 H),krx_numeric,N,,0,N,N,N,0,
438330,TIGER 우량회사채액티브,krx_numeric,N,,0,N,N,N,0,
438560,SOL 국고채3년,krx_numeric,N,,0,N,N,N,0,
438570,SOL 국고채10년,krx_numeric,N,,0,N,N,N,0,
438740,MIDAS 중소형액티브,krx_numeric,Y,0.45,10,N,N,N,0,
438900,HANARO Fn K-푸드,krx_numeric,Y,0.35,10,N,N,N,0,
439860,KODEX ESG종합채권(A-이상)액티브,krx_numeric,N,,0,N,N,N,0,
439870,KODEX 국고채30년액티브,krx_numeric,N,,0,N,N,N,0,
440340,TIGER 글로벌멀티에셋TIF액티브,krx_numeric,N,,0,N,N,N,0,
440640,ACE 단기채권알파액티브,krx_numeric,N,,0,N,N,N,0,
440650,ACE 미국달러단기채권액티브,krx_numeric,N,,0,N,N,N,0,
440910,WON 미국우주항공방산,krx_numeric,N,,0,N,N,N,0,
441540,HANARO Fn조선해운,krx_numeric,Y,0.35,10,N,N,N,0,
441640,KODEX 미국배당커버드콜액티브,krx_numeric,Y,0.55,0,Y,Y,Y,2,strategy.sp500|dividend.covered_call
441680,TIGER 미국나스닥100커버드콜(합성),krx_numeric,N,,0,N,N,N,0,
441800,TIME Korea플러스배당액티브,krx_numeric,Y,0.45,10,N,N,N,0,
442090,에셋플러스 코리아대장장이액티브,krx_numeric,Y,0.45,10,N,N,N,0,
442260,마이티 다이나믹퀀트액티브,krx_numeric,Y,0.45,10,N,N,N,0,
442320,RISE 글로벌원자력,krx_numeric,N,,0,N,N,N,0,
442550,RISE TDF2030액티브 적격,krx_numeric,N,,0,N,N,N,0,
442560,RISE TDF2040액티브 적격,krx_numeric,N,,0,N,N,N,0,
442570,RISE TDF2050액티브 적격,krx_numeric,N,,0,N,N,N,0,
442580,PLUS 글로벌HBM반도체,krx_numeric,N,,0,N,N,N,0,
444200,SOL 코리아메가테크액티브,krx_numeric,Y,0.45,10,N,N,N,0,
444490,WON 미국S&P500,krx_numeric,N,,0,N,N,N,0,
445150,KODEX 친환경조선해운액티브,krx_numeric,Y,0.45,10,N,N,N,0,
445290,KODEX 로봇액티브,krx_numeric,Y,0.45,10,N,N,N,0,
445690,BNK 주주가치액티브,krx_numeric,Y,0.45,10,N,N,N,0,
445910,TIGER MKF배당귀족,krx_numeric,Y,0.35,10,N,N,N,1,dividend.korea_high_dividend
446690,KODEX 아시아AI반도체exChina액티브,krx_numeric,N,,0,N,N,N,0,
446700,RISE 배터리 리사이클링,krx_numeric,Y,0.35,10,N,N,N,1,sector.ev_battery
446720,SOL 미국배당다우존스,krx_numeric,N,,0,N,N,N,0,
446770,ACE 글로벌반도체TOP4 Plus,krx_numeric,N,,0,N,N,N,0,
447430,ACE 주주환원가치주액티브,krx_numeric,Y,0.45,10,N,N,N,1,strategy.value
447620,SOL 미국TOP5채권혼합50,krx_numeric,N,,0,N,N,N,0,
447660,PLUS 애플채권혼합,krx_numeric,N,,0,N,N,N,0,
447770,TIGER 테슬라채권혼합Fn,krx_numeric,N,,0,N,N,N,0,
448100,WON 200,krx_numeric,Y,0.35,10,N,N,N,0,
448290,TIGER 미국S&P500(H),krx_numeric,N,,0,N,N,N,0,
448300,TIGER 미국나스닥100(H),krx_numeric,N,,0,N,N,N,0,
448330,KODEX 삼성전자채권혼합,krx_numeric,N,,0,N,N,N,0,
448490,HANARO 32-10 국고채액티브,krx_numeric,N,,0,N,N,N,0,
448540,ACE 엔비디아채권혼합,krx_numeric,N,,0,N,N,N,0,
448570,FOCUS AI코리아액티브,krx_numeric,Y,0.45,10,N,N,N,0,
448630,RISE 삼성그룹Top3채권혼합,krx_numeric,N,,0,N,N,N,0,
449170,TIGER KOFR금리액티브(합성),krx_numeric,N,,0,N,N,N,0,
449180,KODEX 미국S&P500(H),krx_numeric,N,,0,N,N,N,0,
449190,KODEX 미국나스닥100(H),krx_numeric,N,,0,N,N,N,0,
449450,PLUS K방산,krx_numeric,Y,0.75,11,Y,Y,Y,1,sector.aerospace_defense
449580,RISE 테슬라애플아마존채권혼합,krx_numeric,N,,0,N,N,N,0,
449680,TIGER 한중전기차(합성),krx_numeric,N,,0,N,N,N,0,
449690,TIGER 한중반도체(합성),krx_numeric,N,,0,N,N,N,0,
449770,KIWOOM 미국S&P500,krx_numeric,N,,0,N,N,N,0,
449780,KIWOOM 미국S&P500(H),krx_numeric,N,,0,N,N,N,0,
450180,KODEX 한중전기차(합성),krx_numeric,N,,0,N,N,N,0,
450190,KODEX 한중반도체(합성),krx_numeric,N,,0,N,N,N,0,
450910,SOL 코스닥150,krx_numeric,Y,0.35,10,N,N,N,0,
451000,PLUS 종합채권(AA-이상)액티브,krx_numeric,N,,0,N,N,N,0,
451060,1Q 200액티브,krx_numeric,Y,0.45,10,N,N,N,0,
451150,에셋플러스 글로벌영에이지액티브,krx_numeric,N,,0,N,N,N,0,
451530,TIGER 국고채30년스트립액티브,krx_numeric,N,,0,N,N,N,0,
451540,TIGER 종합채권(AA-이상)액티브,krx_numeric,N,,0,N,N,N,0,
451600,PLUS 국고채30년액티브,krx_numeric,N,,0,N,N,N,0,
451670,RISE 국채30년레버리지(합성),krx_numeric,N,,0,N,N,N,0,
452250,ACE 미국30년국채선물레버리지(합성 H),krx_numeric,N,,0,N,N,N,0,
452360,SOL 미국배당다우존스(H),krx_numeric,N,,0,N,N,N,0,
453010,PLUS KOFR금리,krx_numeric,N,,0,N,N,N,0,
453060,HANARO KOFR금리액티브(합성),krx_numeric,N,,0,N,N,N,0,
453080,KIWOOM 미국나스닥100(H),krx_numeric,N,,0,N,N,N,0,
453330,RISE 미국S&P500(H),krx_numeric,N,,0,N,N,N,0,
453630,KODEX 미국S&P500필수소비재,krx_numeric,N,,0,N,N,N,0,
453640,KODEX 미국S&P500헬스케어,krx_numeric,N,,0,N,N,N,0,
453650,KODEX 미국S&P500금융,krx_numeric,N,,0,N,N,N,0,
453660,KODEX 미국S&P500경기소비재,krx_numeric,N,,0,N,N,N,0,
453810,KODEX 인도Nifty50,krx_numeric,N,,0,N,N,N,0,
453820,KODEX 인도Nifty50레버리지(합성),krx_numeric,N,,0,N,N,N,0,
453850,ACE 미국30년국채액티브(H),krx_numeric,N,,0,N,N,N,0,
453870,TIGER 인도니프티50,krx_numeric,N,,0,N,N,N,0,
453950,TIGER TSMC파운드리밸류체인,krx_numeric,N,,0,N,N,N,0,
454180,KIWOOM 차이나내수소비TOP CSI,krx_numeric,N,,0,N,N,N,0,
454320,HANARO CAPEX설비투자iSelect,krx_numeric,Y,0.35,10,N,N,N,0,
454780,KIWOOM 종합채권(AA-이상)액티브,krx_numeric,N,,0,N,N,N,0,
455030,KODEX 미국달러SOFR금리액티브(합성),krx_numeric,N,,0,N,N,N,0,
455660,ACE 미국하이일드액티브(H),krx_numeric,N,,0,N,N,N,0,
455850,SOL AI반도체소부장,krx_numeric,Y,0.35,10,N,N,N,1,sector.semiconductor
455860,SOL 2차전지소부장Fn,krx_numeric,Y,0.35,10,N,N,N,1,sector.ev_battery
455890,RISE 머니마켓액티브,krx_numeric,N,,0,N,N,N,0,
455960,RISE 미국달러SOFR금리액티브(합성),krx_numeric,N,,0,N,N,N,0,
456200,PLUS 미국달러SOFR금리액티브(합성),krx_numeric,N,,0,N,N,N,0,
456250,KODEX 유럽명품TOP10 STOXX,krx_numeric,N,,0,N,N,N,0,
456600,TIME 글로벌AI인공지능액티브,krx_numeric,N,,0,N,N,N,0,
456610,TIGER 미국달러SOFR금리액티브(합성),krx_numeric,N,,0,N,N,N,0,
456680,TIGER 차이나전기차레버리지(합성),krx_numeric,N,,0,N,N,N,0,
456880,ACE 미국달러SOFR금리(합성),krx_numeric,N,,0,N,N,N,0,
457480,ACE 테슬라밸류체인액티브,krx_numeric,N,,0,N,N,N,0,
457690,KODEX 33-06 국고채액티브,krx_numeric,N,,0,N,N,N,0,
457700,KODEX 53-09 국고채액티브,krx_numeric,N,,0,N,N,N,0,
457930,BNK 미래전략기술액티브,krx_numeric,Y,0.45,10,N,N,N,0,
457990,PLUS 태양광&ESS,krx_numeric,Y,0.35,10,N,N,N,2,sector.clean_energy|sector.ev_battery
458030,WON 국공채머니마켓액티브,krx_numeric,N,,0,N,N,N,0,
458210,KIWOOM CD금리액티브(합성),krx_numeric,N,,0,N,N,N,0,
458250,TIGER 미국30년국채스트립액티브(합성 H),krx_numeric,N,,0,N,N,N,0,
458260,TIGER 미국투자등급회사채액티브(H),krx_numeric,N,,0,N,N,N,0,
458730,TIGER 미국배당다우존스,krx_numeric,N,,0,N,N,N,0,
458750,TIGER 미국배당다우존스타겟커버드콜1호,krx_numeric,N,,0,N,N,N,0,
458760,TIGER 미국배당다우존스타겟커버드콜2호,krx_numeric,N,,0,N,N,N,0,
459560,KODEX 테슬라밸류체인FactSet,krx_numeric,N,,0,N,N,N,0,
459580,KODEX CD금리액티브(합성),krx_numeric,N,,0,N,N,N,0,
459750,RISE 글로벌주식분산액티브,krx_numeric,N,,0,N,N,N,0,
459790,KIWOOM 미국성장기업30액티브,krx_numeric,N,,0,N,N,N,0,
460270,KIWOOM 미국달러SOFR금리액티브(합성),krx_numeric,N,,0,N,N,N,0,
460660,RISE 미국S&P배당킹,krx_numeric,N,,0,N,N,N,0,
460960,ACE 글로벌인컴TOP10,krx_numeric,N,,0,N,N,N,0,
461340,HANARO 글로벌생성형AI액티브,krx_numeric,N,,0,N,N,N,0,
461450,KODEX 코스닥글로벌,krx_numeric,Y,0.35,10,N,N,N,0,
461460,PLUS 국고채10년액티브,krx_numeric,N,,0,N,N,N,0,
461490,RISE 글로벌자산배분액티브,krx_numeric,Y,0.45,10,N,N,N,0,
461500,HANARO 종합채권(AA-이상)액티브,krx_numeric,N,,0,N,N,N,0,
461580,TIGER 코스닥글로벌,krx_numeric,Y,0.35,10,N,N,N,0,
461600,SOL 미국30년국채액티브(H),krx_numeric,N,,0,N,N,N,0,
461900,PLUS 미국테크TOP10,krx_numeric,N,,0,N,N,N,0,
461910,PLUS 미국테크TOP10레버리지(합성),krx_numeric,N,,0,N,N,N,0,
461950,KODEX 2차전지핵심소재10,krx_numeric,Y,0.35,10,N,N,N,1,sector.ev_battery
462010,TIGER 2차전지소재Fn,krx_numeric,Y,0.35,10,N,N,N,1,sector.ev_battery
462330,KODEX 2차전지산업레버리지,krx_numeric,Y,0.45,10,N,N,N,2,strategy.leverage|sector.ev_battery
462340,에셋플러스 글로벌다이나믹시니어액티브,krx_numeric,N,,0,N,N,N,0,
462900,KoAct 바이오헬스케어액티브,krx_numeric,Y,0.45,10,N,N,N,1,sector.healthcare_bio_pharma
463050,TIME K바이오액티브,krx_numeric,Y,0.45,10,N,N,N,1,sector.healthcare_bio_pharma
463250,TIGER K방산&우주,krx_numeric,Y,0.35,10,N,N,N,1,sector.aerospace_defense
463290,1Q 단기금융채액티브,krx_numeric,N,,0,N,N,N,0,
463300,RISE 중국본토CSI300,krx_numeric,N,,0,N,N,N,0,
463640,KODEX 미국S&P500유틸리티,krx_numeric,N,,0,N,N,N,0,
463680,KODEX 미국S&P500테크놀로지,krx_numeric,N,,0,N,N,N,0,
463690,KODEX 미국S&P500커뮤니케이션,krx_numeric,N,,0,N,N,N,0,
464240,KIWOOM 26-09회사채(AA-이상)액티브,krx_numeric,N,,0,N,N,N,0,
464310,TIGER 글로벌AI&로보틱스 INDXX,krx_numeric,N,,0,N,N,N,0,
464470,PLUS 미국채30년액티브,krx_numeric,N,,0,N,N,N,0,
464600,SOL 자동차소부장Fn,krx_numeric,Y,0.35,10,N,N,N,1,strategy.consumer_discretionary
464610,SOL 의료기기소부장Fn,krx_numeric,Y,0.35,10,N,N,N,1,sector.healthcare_bio_pharma
464920,PLUS 일본반도체소부장,krx_numeric,N,,0,N,N,N,0,
464930,TIGER 글로벌혁신블루칩TOP10,krx_numeric,N,,0,N,N,N,0,
465330,RISE 2차전지TOP10,krx_numeric,Y,0.35,10,N,N,N,1,sector.ev_battery
465350,RISE 2차전지TOP10인버스(합성),krx_numeric,N,,0,N,N,N,0,
465580,ACE 미국빅테크TOP7 Plus,krx_numeric,N,,0,N,N,N,0,
465610,ACE 미국빅테크TOP7 Plus레버리지(합성),krx_numeric,N,,0,N,N,N,0,
465620,ACE 미국빅테크TOP7 Plus인버스(합성),krx_numeric,N,,0,N,N,N,0,
465660,TIGER 일본반도체FACTSET,krx_numeric,N,,0,N,N,N,0,
465670,TIGER 미국캐시카우100,krx_numeric,N,,0,N,N,N,0,
465780,마이티 26-09 특수채(AAA)액티브,krx_numeric,N,,0,N,N,N,0,
466810,BNK 2차전지양극재,krx_numeric,Y,0.35,10,N,N,N,1,sector.ev_battery
466920,SOL 조선TOP3플러스,krx_numeric,Y,0.35,10,N,N,N,0,
466930,SOL 자동차TOP3플러스,krx_numeric,Y,0.35,10,N,N,N,1,strategy.consumer_discretionary
466940,TIGER 은행고배당플러스TOP10,krx_numeric,Y,0.35,10,N,N,N,2,sector.financials|dividend.korea_high_dividend
466950,TIGER 글로벌AI액티브,krx_numeric,N,,0,N,N,N,0,
468370,KODEX iShares미국인플레이션국채액티브,krx_numeric,N,,0,N,N,N,0,
468380,KODEX iShares미국하이일드액티브,krx_numeric,N,,0,N,N,N,0,
468630,KODEX iShares미국투자등급회사채액티브,krx_numeric,N,,0,N,N,N,0,
469050,RISE 미국반도체NYSE(H),krx_numeric,N,,0,N,N,N,0,
469060,RISE 미국반도체NYSE,krx_numeric,N,,0,N,N,N,0,
469070,RISE AI&로봇,krx_numeric,Y,0.35,10,N,N,N,0,
469150,ACE AI반도체TOP3+,krx_numeric,Y,0.35,10,N,N,N,1,sector.semiconductor
469160,ACE 일본반도체,krx_numeric,N,,0,N,N,N,0,
469170,ACE 포스코그룹포커스,krx_numeric,Y,0.35,10,N,N,N,0,
469530,RISE 미국달러선물인버스,krx_numeric,N,,0,N,N,N,0,
469790,KIWOOM 코리아테크TOP10,krx_numeric,Y,0.35,10,N,N,N,2,sector.semiconductor|sector.tech_general
469830,SOL 초단기채권액티브,krx_numeric,N,,0,N,N,N,0,
470310,UNICORN 생성형AI강소기업액티브,krx_numeric,Y,0.45,10,N,N,N,1,sector.tech_general
471040,KoAct 글로벌AI&로봇액티브,krx_numeric,N,,0,N,N,N,0,
471230,KODEX 국고채10년액티브,krx_numeric,N,,0,N,N,N,0,
471460,KIWOOM 국고채30년액티브,krx_numeric,N,,0,N,N,N,0,
471760,TIGER AI반도체핵심공정,krx_numeric,Y,0.35,10,N,N,N,1,sector.semiconductor
471780,TIGER 코리아테크액티브,krx_numeric,Y,0.45,10,N,N,N,1,sector.semiconductor
471990,KODEX AI반도체핵심장비,krx_numeric,Y,0.35,10,N,N,N,1,sector.semiconductor
472150,TIGER 배당커버드콜액티브,krx_numeric,Y,0.45,10,N,N,N,1,dividend.covered_call
472160,TIGER 미국테크TOP10 INDXX(H),krx_numeric,N,,0,N,N,N,0,
472170,TIGER 미국테크TOP10채권혼합,krx_numeric,N,,0,N,N,N,0,
472720,TRUSTON 주주가치액티브,krx_numeric,Y,0.45,10,N,N,N,0,
472830,RISE 미국30년국채커버드콜(합성),krx_numeric,N,,0,N,N,N,0,
472840,IBK 200,krx_numeric,Y,0.35,10,N,N,N,0,
472870,RISE 미국30년국채엔화노출(합성 H),krx_numeric,N,,0,N,N,N,0,
472920,HK 종합채권(AA-이상)액티브,krx_numeric,N,,0,N,N,N,0,
473290,KODEX 26-12 회사채(AA-이상)액티브,krx_numeric,N,,0,N,N,N,0,
473330,SOL 미국30년국채커버드콜(합성),krx_numeric,N,,0,N,N,N,0,
473440,ACE 11월만기자동연장회사채AA-이상액티브,krx_numeric,N,,0,N,N,N,0,
473460,KODEX 미국서학개미,krx_numeric,N,,0,N,N,N,0,
473490,KIWOOM 글로벌AI반도체,krx_numeric,N,,0,N,N,N,0,
473590,ACE 미국주식베스트셀러,krx_numeric,N,,0,N,N,N,0,
473640,HANARO 글로벌금채굴기업,krx_numeric,N,,0,N,N,N,0,
474220,TIGER 미국테크TOP10타겟커버드콜,krx_numeric,N,,0,N,N,N,0,
474390,SOL 국고채30년액티브,krx_numeric,N,,0,N,N,N,0,
474590,WON 반도체밸류체인액티브,krx_numeric,Y,0.45,10,N,N,N,1,sector.semiconductor
474800,KIWOOM 미국원유에너지기업,krx_numeric,N,,0,N,N,N,0,
474920,에셋플러스 차이나일등기업포커스10액티브,krx_numeric,N,,0,N,N,N,0,
475050,ACE KPOP포커스,krx_numeric,Y,0.35,10,N,N,N,1,sector.game_entertainment_media
475070,KoAct 글로벌친환경전력인프라액티브,krx_numeric,N,,0,N,N,N,0,
475080,KODEX 테슬라커버드콜채권혼합액티브,krx_numeric,N,,0,N,N,N,0,
475260,ACE 2월만기자동연장회사채AA-이상액티브,krx_numeric,N,,0,N,N,N,0,
475270,ACE 5월만기자동연장회사채AA-이상액티브,krx_numeric,N,,0,N,N,N,0,
475280,ACE 8월만기자동연장회사채AA-이상액티브,krx_numeric,N,,0,N,N,N,0,
475300,SOL 반도체전공정,krx_numeric,Y,0.35,10,N,N,N,1,sector.semiconductor
475310,SOL 반도체후공정,krx_numeric,Y,0.35,10,N,N,N,1,sector.semiconductor
475350,RISE 버크셔포트폴리오TOP10,krx_numeric,N,,0,N,N,N,0,
475380,RISE 글로벌리얼티인컴,krx_numeric,N,,0,N,N,N,0,
475630,TIGER CD1년금리액티브(합성),krx_numeric,N,,0,N,N,N,0,
475720,RISE 200위클리커버드콜,krx_numeric,Y,0.45,10,N,N,N,1,dividend.covered_call
476000,UNICORN 포스트IPO액티브,krx_numeric,Y,0.45,10,N,N,N,0,
476030,SOL 미국나스닥100,krx_numeric,N,,0,N,N,N,0,
476070,KODEX 글로벌비만치료제TOP2 Plus,krx_numeric,N,,0,N,N,N,0,
476260,HANARO 반도체핵심공정주도주,krx_numeric,Y,0.35,10,N,N,N,1,sector.semiconductor
476310,RISE 글로벌비만산업TOP2+,krx_numeric,N,,0,N,N,N,0,
476450,KIWOOM 머니마켓액티브,krx_numeric,N,,0,N,N,N,0,
476550,TIGER 미국30년국채커버드콜액티브(H),krx_numeric,N,,0,N,N,N,0,
476690,TIGER 글로벌비만치료제TOP2Plus,krx_numeric,N,,0,N,N,N,0,
476750,ACE 미국30년국채엔화노출액티브(H),krx_numeric,N,,0,N,N,N,0,
476760,ACE 미국30년국채액티브,krx_numeric,N,,0,N,N,N,0,
476800,KODEX 한국부동산리츠인프라,krx_numeric,Y,0.35,10,N,N,N,1,strategy.reit
476850,KoAct 배당성장액티브,krx_numeric,Y,0.45,10,N,N,N,1,sector.semiconductor
477050,PLUS 머니마켓액티브,krx_numeric,N,,0,N,N,N,0,
477080,RISE CD금리액티브(합성),krx_numeric,N,,0,N,N,N,0,
477490,에셋플러스 글로벌일등기업포커스10액티브,krx_numeric,N,,0,N,N,N,0,
477730,KODEX 인도타타그룹,krx_numeric,N,,0,N,N,N,0,
478150,TIME 글로벌우주테크&방산액티브,krx_numeric,N,,0,N,N,N,0,
479080,1Q 머니마켓액티브,krx_numeric,N,,0,N,N,N,0,
479520,RISE KOFR금리액티브(합성),krx_numeric,N,,0,N,N,N,0,
479620,SOL 미국AI반도체칩메이커,krx_numeric,N,,0,N,N,N,0,
479730,TIGER 인도빌리언컨슈머,krx_numeric,N,,0,N,N,N,0,
479850,HANARO K-뷰티,krx_numeric,Y,0.35,10,N,N,N,0,
480020,ACE 미국빅테크7+데일리타겟커버드콜(합성),krx_numeric,N,,0,N,N,N,0,
480030,ACE 미국500데일리타겟커버드콜(합성),krx_numeric,N,,0,N,N,N,0,
480040,ACE 미국반도체데일리타겟커버드콜(합성),krx_numeric,N,,0,N,N,N,0,
480260,TIGER 27-04회사채(A+이상)액티브,krx_numeric,N,,0,N,N,N,0,
480310,TIGER 글로벌온디바이스AI,krx_numeric,N,,0,N,N,N,0,
480460,WON 한국부동산TOP3플러스,krx_numeric,Y,0.35,10,N,N,N,1,strategy.reit
481050,KODEX CD1년금리플러스액티브(합성),krx_numeric,N,,0,N,N,N,0,
481060,KODEX 미국30년국채타겟커버드콜(합성 H),krx_numeric,N,,0,N,N,N,0,
481180,SOL 미국AI소프트웨어,krx_numeric,N,,0,N,N,N,0,
481190,SOL 미국테크TOP10,krx_numeric,N,,0,N,N,N,0,
481340,RISE 미국30년국채액티브,krx_numeric,N,,0,N,N,N,0,
481430,RISE 국고채10년액티브,krx_numeric,N,,0,N,N,N,0,
482030,KoAct 반도체&2차전지핵심소재액티브,krx_numeric,Y,0.45,10,N,N,N,2,sector.semiconductor|sector.ev_battery
482730,TIGER 미국S&P500타겟데일리커버드콜,krx_numeric,N,,0,N,N,N,0,
483020,KIWOOM 의료AI,krx_numeric,Y,0.35,10,N,N,N,1,sector.healthcare_bio_pharma
483030,KIWOOM 미국블록버스터바이오테크의약품+,krx_numeric,N,,0,N,N,N,0,
483280,KODEX 미국AI테크TOP10타겟커버드콜,krx_numeric,N,,0,N,N,N,0,
483290,KODEX 미국배당다우존스타겟커버드콜,krx_numeric,N,,0,N,N,N,0,
483320,ACE 엔비디아밸류체인액티브,krx_numeric,N,,0,N,N,N,0,
483330,ACE 마이크로소프트밸류체인액티브,krx_numeric,N,,0,N,N,N,0,
483340,ACE 구글밸류체인액티브,krx_numeric,N,,0,N,N,N,0,
483570,KCGI 미국S&P500 TOP10,krx_numeric,N,,0,N,N,N,0,
484790,KODEX 미국30년국채액티브(H),krx_numeric,N,,0,N,N,N,0,
484880,SOL 금융지주플러스고배당,krx_numeric,Y,0.35,10,N,N,N,2,sector.financials|dividend.korea_high_dividend
484890,SOL 머니마켓액티브,krx_numeric,N,,0,N,N,N,0,
485540,KODEX 미국AI테크TOP10,krx_numeric,N,,0,N,N,N,0,
485690,RISE 미국AI밸류체인TOP3Plus,krx_numeric,N,,0,N,N,N,0,
485810,TIME 글로벌바이오액티브,krx_numeric,N,,0,N,N,N,0,
486240,DAISHIN343 AI반도체&인프라액티브,krx_numeric,Y,0.45,10,N,N,N,2,sector.semiconductor|sector.ai_power_infrastructure
486290,TIGER 미국나스닥100타겟데일리커버드콜,krx_numeric,N,,0,N,N,N,0,
486450,SOL 미국AI전력인프라,krx_numeric,N,,0,N,N,N,0,
486830,HANARO 머니마켓액티브,krx_numeric,N,,0,N,N,N,0,
487130,KoAct AI인프라액티브,krx_numeric,Y,0.45,10,N,N,N,2,sector.semiconductor|sector.ai_power_infrastructure
487230,KODEX 미국AI전력핵심인프라,krx_numeric,N,,0,N,N,N,0,
487240,KODEX AI전력핵심설비,krx_numeric,Y,0.35,10,N,N,N,1,sector.ai_power_infrastructure
487340,ACE 머니마켓액티브,krx_numeric,N,,0,N,N,N,0,
487750,BNK 온디바이스AI,krx_numeric,Y,0.35,10,N,N,N,1,sector.semiconductor
487910,ACE 인도컨슈머파워액티브,krx_numeric,N,,0,N,N,N,0,
487920,ACE 인도시장대표BIG5그룹액티브,krx_numeric,N,,0,N,N,N,0,
487950,KODEX 대만테크고배당다우존스,krx_numeric,N,,0,N,N,N,0,
488080,TIGER 반도체TOP10레버리지,krx_numeric,Y,0.45,10,N,N,N,2,strategy.leverage|sector.semiconductor
488200,KIWOOM K-2차전지북미공급망,krx_numeric,Y,0.35,10,N,N,N,1,sector.ev_battery
488210,KIWOOM K-반도체북미공급망,krx_numeric,Y,0.35,10,N,N,N,1,sector.semiconductor
488290,MIDAS 일본테크액티브,krx_numeric,N,,0,N,N,N,0,
488480,RISE 일본섹터TOP4Plus,krx_numeric,N,,0,N,N,N,0,
488500,TIGER 미국S&P500동일가중,krx_numeric,N,,0,N,N,N,0,
488720,WON 종합채권(AA-이상)액티브,krx_numeric,N,,0,N,N,N,0,
488770,KODEX 머니마켓액티브,krx_numeric,N,,0,N,N,N,0,
488980,SOL 26-12 회사채(AA-이상)액티브,krx_numeric,N,,0,N,N,N,0,
489000,PLUS 일본엔화초단기국채(합성),krx_numeric,N,,0,N,N,N,0,
489010,PLUS 글로벌AI인프라,krx_numeric,N,,0,N,N,N,0,
489030,PLUS 고배당주위클리커버드콜,krx_numeric,Y,0.45,10,N,N,N,2,dividend.covered_call|dividend.korea_high_dividend
489250,KODEX 미국배당다우존스,krx_numeric,N,,0,N,N,N,0,
489290,WON 미국빌리어네어,krx_numeric,N,,0,N,N,N,0,
489860,KIWOOM 글로벌전력GRID인프라,krx_numeric,N,,0,N,N,N,0,
490090,TIGER 미국AI빅테크10,krx_numeric,N,,0,N,N,N,0,
490330,KoAct 미국치매&뇌질환치료제액티브,krx_numeric,N,,0,N,N,N,0,
490480,SOL K방산,krx_numeric,Y,0.35,10,N,N,N,1,sector.aerospace_defense
490490,SOL 미국배당미국채혼합50,krx_numeric,N,,0,N,N,N,0,
490590,RISE 미국AI밸류체인데일리고정커버드콜,krx_numeric,N,,0,N,N,N,0,
490600,RISE 미국배당100데일리고정커버드콜,krx_numeric,N,,0,N,N,N,0,
491010,TIGER 글로벌AI전력인프라액티브,krx_numeric,N,,0,N,N,N,0,
491090,KODEX 미국테크TOP3플러스,krx_numeric,N,,0,N,N,N,0,
491220,PLUS 200TR,krx_numeric,Y,0.35,10,N,N,N,0,
491230,PLUS 국공채머니마켓액티브,krx_numeric,N,,0,N,N,N,0,
491510,파워 K-주주가치액티브,krx_numeric,Y,0.45,10,N,N,N,0,
491610,1Q CD금리액티브(합성),krx_numeric,N,,0,N,N,N,0,
491620,RISE 미국테크100데일리고정커버드콜,krx_numeric,N,,0,N,N,N,0,
491630,RISE 미국반도체인버스(합성 H),krx_numeric,N,,0,N,N,N,0,
491700,HK 200,krx_numeric,Y,0.35,10,N,N,N,0,
491820,HANARO 전력설비투자,krx_numeric,Y,0.35,10,N,N,N,1,sector.ai_power_infrastructure
491830,TIGER 미국AI반도체팹리스,krx_numeric,N,,0,N,N,N,0,
492500,1Q 현대차그룹채권(A+이상)&국고통안,krx_numeric,N,,0,N,N,N,0,
493420,SOL 미국배당다우존스2호,krx_numeric,N,,0,N,N,N,0,
493810,TIGER 미국AI빅테크10타겟데일리커버드콜,krx_numeric,N,,0,N,N,N,0,
494180,TIME 글로벌소비트렌드액티브,krx_numeric,N,,0,N,N,N,0,
494210,SOL 미국500타겟데일리커버드콜액티브,krx_numeric,N,,0,N,N,N,0,
494220,UNICORN SK하이닉스밸류체인액티브,krx_numeric,Y,0.45,10,N,N,N,1,sector.semiconductor
494300,KODEX 미국나스닥100데일리커버드콜OTM,krx_numeric,N,,0,N,N,N,0,
494310,KODEX 반도체레버리지,krx_numeric,Y,0.45,10,N,N,N,2,strategy.leverage|sector.semiconductor
494330,ACE 라이프자산주주가치액티브,krx_numeric,Y,0.45,10,N,N,N,0,
494340,ACE 글로벌AI맞춤형반도체,krx_numeric,N,,0,N,N,N,0,
494410,PLUS 미국S&P500성장주,krx_numeric,N,,0,N,N,N,0,
494420,PLUS 미국배당증가성장주데일리커버드콜,krx_numeric,N,,0,N,N,N,0,
494670,TIGER 조선TOP10,krx_numeric,Y,0.35,10,N,N,N,0,
494840,TIGER 미국방산TOP10,krx_numeric,N,,0,N,N,N,0,
494890,KODEX 200액티브,krx_numeric,Y,0.45,10,N,N,N,0,
495040,PLUS 코리아밸류업,krx_numeric,Y,0.35,10,N,N,N,1,strategy.value_up
495050,RISE 코리아밸류업,krx_numeric,Y,0.35,10,N,N,N,1,strategy.value_up
495060,TIME 코리아밸류업액티브,krx_numeric,Y,0.45,10,N,N,N,1,strategy.value_up
495230,KoAct 코리아밸류업액티브,krx_numeric,Y,0.45,10,N,N,N,1,strategy.value_up
495330,1Q 코리아밸류업,krx_numeric,Y,0.35,10,N,N,N,1,strategy.value_up
495550,SOL 코리아밸류업TR,krx_numeric,Y,0.35,10,N,N,N,1,strategy.value_up
495750,HANARO 코리아밸류업,krx_numeric,Y,0.35,10,N,N,N,1,strategy.value_up
495850,KODEX 코리아밸류업,krx_numeric,Y,0.35,10,N,N,N,1,strategy.value_up
495940,RISE 미국AI테크액티브,krx_numeric,N,,0,N,N,N,0,
496020,WON 전단채플러스액티브,krx_numeric,N,,0,N,N,N,0,
496080,TIGER 코리아밸류업,krx_numeric,Y,0.35,10,N,N,N,1,strategy.value_up
496090,KIWOOM 코리아밸류업,krx_numeric,Y,0.35,10,N,N,N,1,strategy.value_up
496120,ACE 코리아밸류업,krx_numeric,Y,0.35,10,N,N,N,1,strategy.value_up
496130,TRUSTON 코리아밸류업액티브,krx_numeric,Y,0.45,10,N,N,N,1,strategy.value_up
496770,PLUS 글로벌방산,krx_numeric,N,,0,N,N,N,0,
497510,ACE 글로벌빅파마,krx_numeric,N,,0,N,N,N,0,
497520,ACE 일라이릴리밸류체인,krx_numeric,N,,0,N,N,N,0,
497570,TIGER 미국필라델피아AI반도체나스닥,krx_numeric,N,,0,N,N,N,0,
497780,KoAct 미국천연가스인프라액티브,krx_numeric,N,,0,N,N,N,0,
497880,SOL CD금리&머니마켓액티브,krx_numeric,N,,0,N,N,N,0,
498050,HANARO 바이오코리아액티브,krx_numeric,Y,0.45,10,N,N,N,1,sector.healthcare_bio_pharma
498180,파워 종합채권(AA-이상)액티브,krx_numeric,N,,0,N,N,N,0,
498270,KIWOOM 미국양자컴퓨팅,krx_numeric,N,,0,N,N,N,0,
498400,KODEX 200타겟위클리커버드콜,krx_numeric,Y,0.45,10,N,N,N,1,dividend.covered_call
498410,KODEX 금융고배당TOP10타겟위클리커버드콜,krx_numeric,Y,0.45,10,N,N,N,3,dividend.covered_call|sector.financials|dividend.korea_high_dividend
498610,RISE 인도디지털성장,krx_numeric,N,,0,N,N,N,0,
498860,RISE 코리아금융고배당,krx_numeric,Y,0.35,10,N,N,N,2,sector.financials|dividend.korea_high_dividend
499150,SOL 미국S&P500엔화노출(H),krx_numeric,N,,0,N,N,N,0,
499660,TIGER CD금리플러스액티브(합성),krx_numeric,N,,0,N,N,N,0,
