shortlistNumber,etfCode,name,decision,currentTagIds,finalTagIds,note,missingEvidence,nextAction,reviewer,reviewedAt,reviewedAgainstHash
1,0104P0,TIGER 코리아배당다우존스위클리커버드콜,incorrect,dividend.covered_call|dividend.korea_high_dividend|region.us|asset.equity|strategy.passive_index,dividend.covered_call|dividend.korea_high_dividend|asset.equity|strategy.passive_index|region.domestic_kr,국내 주식 배당지수 상품이며 다우존스 명칭만으로 미국 지역을 부여한 오탐. 미국 태그를 제거하고 국내 태그를 적용.,,,AI recommendation accepted by project owner,2026-07-22T12:28:58.021Z,b34b9af27b38d9314a0de340fe0943ba7d1d02af42cf227203fb825c30004f3e
2,0052D0,TIGER 코리아배당다우존스,incorrect,dividend.korea_high_dividend|region.us|asset.equity|strategy.passive_index,dividend.korea_high_dividend|asset.equity|strategy.passive_index|region.domestic_kr,국내 주식 배당지수 상품이며 다우존스 명칭만으로 미국 지역을 부여한 오탐. 미국 태그를 제거하고 국내 태그를 적용.,,,AI recommendation accepted by project owner,2026-07-22T12:28:58.021Z,a30893b2a3850c4b5c04f240775cc199109e0067daa7325b926c25686c01eb11
3,490090,TIGER 미국AI빅테크10,insufficient,region.us|asset.equity|strategy.passive_index,region.us|asset.equity|strategy.passive_index,월분배 값 사용 보류.,해당 ETF 자체의 정확한 DART 첨부문서,493810과 공유된 PDF 계보를 분리하고 490090의 frequency 후보를 재조립,AI recommendation accepted by project owner,2026-07-22T12:28:58.021Z,4aa67fbc8e23062b4e92d83903c62a455f32dfdf5aaef794dd05720c754ec57a
4,458730,TIGER 미국배당다우존스,insufficient,region.us|asset.equity|strategy.passive_index,region.us|asset.equity|strategy.passive_index,월분배 값 사용 보류.,비커버드콜 상품과 일치하는 정확한 DART 첨부문서,타겟데일리커버드콜 문서 연결을 제거하고 458730의 frequency 후보를 재조립,AI recommendation accepted by project owner,2026-07-22T12:28:58.021Z,fad4afd6e41792a86b37377a9bd4a6f0d18dcb0bc77dee1421de679962f6a1e2
5,387280,TIGER 퓨처모빌리티액티브,correct,sector.ev_battery|sector.autonomous_mobility|strategy.active|asset.equity|region.domestic_kr,sector.ev_battery|sector.autonomous_mobility|strategy.active|asset.equity|region.domestic_kr,AI 권고 승인: 자율주행과 전기차·배터리 태그 병존 검토,,,AI recommendation accepted by project owner,2026-07-22T12:28:58.021Z,5429143f421e103420145d2c4036cca95ba0bbb17d5941d3b62bfcf886b8947a
6,266550,PLUS 중형주저변동50,correct,asset.equity|region.domestic_kr|strategy.passive_index|strategy.low_volatility,asset.equity|region.domestic_kr|strategy.passive_index|strategy.low_volatility,AI 권고 승인: 저변동성 태그 유지 및 신뢰도 상향 검토,,,AI recommendation accepted by project owner,2026-07-22T12:28:58.021Z,4e395fd9364f6d645d1aad885eb91670d34169308a628e6606c171e6fd364964
7,489000,PLUS 일본엔화초단기국채(합성),insufficient,asset.bond.money_market|asset.bond|asset.bond.government|region.japan|strategy.passive_index,asset.bond.money_market|asset.bond|asset.bond.government|region.japan|strategy.passive_index,현재 분류는 잠정 유지.,공식 보유종목 및 실질 노출 근거,일본 엔화·초단기 국채 노출을 공식 자료로 보강,AI recommendation accepted by project owner,2026-07-22T12:28:58.021Z,fb5d924daea158440d1421f4a53c4301536ccd5d1bb21d7d7f824510064f2ae3
8,375270,RISE 글로벌데이터센터리츠(합성),insufficient,asset.reit|region.developed|strategy.passive_index,asset.reit|region.developed|strategy.passive_index,현재 분류는 잠정 유지.,공식 보유종목 및 국가 비중,리츠·선진국 분류의 실질 노출 근거 보강,AI recommendation accepted by project owner,2026-07-22T12:28:58.021Z,f082db5f05d185b3be7218736ea222fd58421962177987eb4be44bdd6292d48f
9,493810,TIGER 미국AI빅테크10타겟데일리커버드콜,correct,dividend.covered_call|region.us|asset.equity|strategy.passive_index,dividend.covered_call|region.us|asset.equity|strategy.passive_index,AI 권고 승인: monthly는 유지 검토하되 490090과 문서 계보를 분리,,,AI recommendation accepted by project owner,2026-07-22T12:28:58.021Z,d9cccfdab57290ca5540825e85054afa2cfa43ae7929f76bac7755d1336e1110
10,364960,TIGER BBIG,correct,sector.ev_battery|sector.healthcare_bio_pharma|sector.game_entertainment_media|asset.equity|region.domestic_kr|strategy.passive_index,sector.ev_battery|sector.healthcare_bio_pharma|sector.game_entertainment_media|asset.equity|region.domestic_kr|strategy.passive_index,AI 권고 승인: 보유종목이 세 영역을 지지하므로 복수 태그 유지 검토,,,AI recommendation accepted by project owner,2026-07-22T12:28:58.021Z,b2bcab4d6989c0c840e3da2bb3493c7821f1597eb757b56e228a6dce2561ace0
11,0192T0,SOL 코스닥TOP10,insufficient,sector.healthcare_bio_pharma|sector.ev_battery|sector.semiconductor|asset.equity|region.domestic_kr|strategy.passive_index,sector.healthcare_bio_pharma|sector.ev_battery|sector.semiconductor|asset.equity|region.domestic_kr|strategy.passive_index,바이오·배터리·반도체 태그 확정 보류.,세부 섹터별 편입비중 임계값 정책,TOP10 광범위 지수에 세부 섹터 태그를 허용하는 최소 비중 결정,AI recommendation accepted by project owner,2026-07-22T12:28:58.021Z,7224297635e3e5d7eb73d1a89fd401a9728a7accd97a62928bd058946bed66e1
12,234310,RISE V&S셀렉트밸류,correct,strategy.value|asset.equity|region.domestic_kr|strategy.passive_index,strategy.value|asset.equity|region.domestic_kr|strategy.passive_index,AI 권고 승인: 지수 방법론 확인 후 가치주 태그 유지 검토,,,AI recommendation accepted by project owner,2026-07-22T12:28:58.021Z,d4f88f2271d087414c259c2d8875a1c664db104b6adcd6513569d70236d84055
13,376410,TIGER 탄소효율그린뉴딜,correct,asset.equity|region.domestic_kr|strategy.passive_index|strategy.esg_screening,asset.equity|region.domestic_kr|strategy.passive_index|strategy.esg_screening,AI 권고 승인: ESG는 유지하되 클린에너지는 추가하지 않음,,,AI recommendation accepted by project owner,2026-07-22T12:28:58.021Z,59abddd66e7d0f6f011cf25e9fc00044cc2f3ecb4989b704c593f717f91fd947
14,0152E0,SOL 배당성향탑픽액티브,correct,dividend.korea_high_dividend|sector.financials|strategy.active|asset.equity|region.domestic_kr,dividend.korea_high_dividend|sector.financials|strategy.active|asset.equity|region.domestic_kr,AI 권고 승인: 고배당·금융 태그 유지 및 신뢰도 상향 검토,,,AI recommendation accepted by project owner,2026-07-22T12:28:58.021Z,4d93fd26032c8c74c03b36538b54795c9803706c37ee19eacf84c3602815591a
15,487130,KoAct AI인프라액티브,insufficient,sector.semiconductor|sector.ai_power_infrastructure|strategy.active|asset.equity|region.domestic_kr,sector.semiconductor|sector.ai_power_infrastructure|strategy.active|asset.equity|region.domestic_kr,"반도체는 유지, AI 전력 태그만 확정 보류.",AI 전력 인프라 태그의 최소 편입비중,운용목표와 실제 보유비중 중 어느 근거를 우선할지 정책 결정,AI recommendation accepted by project owner,2026-07-22T12:28:58.021Z,fafc4ea41ee62d8a004132b13812a945dbe641fa876cce90180873f5f7f1dd82
16,469070,RISE AI&로봇,correct,asset.equity|region.domestic_kr|strategy.passive_index|sector.robotics,asset.equity|region.domestic_kr|strategy.passive_index|sector.robotics,AI 권고 승인: 로봇 태그 유지 및 신뢰도 상향 검토,,,AI recommendation accepted by project owner,2026-07-22T12:28:58.021Z,7ad422bbfcbc3d9f760795f17637b7e12541af989f3b73ce4e3222d84152efac
17,157490,TIGER 소프트웨어,insufficient,sector.it|sector.game_entertainment_media|asset.equity|region.domestic_kr|strategy.passive_index,sector.it|sector.game_entertainment_media|asset.equity|region.domestic_kr|strategy.passive_index,"IT는 유지, 게임·미디어 태그만 확정 보류.",게임·미디어 편입비중과 섹터 태그 임계값,IT 하위 다중 섹터 허용 기준 결정,AI recommendation accepted by project owner,2026-07-22T12:28:58.021Z,a62618dc8952c9cf6dccd40d7cdebde7ae0652b9fc23eaa2921e85777cf6e5b2
18,227550,TIGER 200 산업재,correct,sector.aerospace_defense|asset.equity|region.domestic_kr|strategy.passive_index|strategy.benchmark.kospi200,sector.aerospace_defense|asset.equity|region.domestic_kr|strategy.passive_index|strategy.benchmark.kospi200,"AI 권고 승인: 방산은 근거 확인, 운송은 대리 태그로 추가하지 않음",,,AI recommendation accepted by project owner,2026-07-22T12:28:58.021Z,aff19ca6bd3634b163630645c9f5b08fa6afba8e30f3b046aa8c065ed9433ee0
19,458750,TIGER 미국배당다우존스타겟커버드콜1호,correct,dividend.covered_call|region.us|asset.equity|strategy.passive_index,dividend.covered_call|region.us|asset.equity|strategy.passive_index,AI 권고 승인: monthly·커버드콜 근거 유지; 쌍둥이 상품 458760은 별도 중복 검토 생략,,,AI recommendation accepted by project owner,2026-07-22T12:28:58.021Z,540ed37d1bce62310d4ed2616f0e3a6a144e03353e4b1c2cd1c6b52b1c9f3fd5
20,474220,TIGER 미국테크TOP10타겟커버드콜,correct,dividend.covered_call|region.us|asset.equity|strategy.passive_index,dividend.covered_call|region.us|asset.equity|strategy.passive_index,AI 권고 승인: monthly·커버드콜 근거 유지 검토,,,AI recommendation accepted by project owner,2026-07-22T12:28:58.021Z,667d648d9b66e4200dd07c8939be7fd403cd9a60162b4a0408ff83b2233ed63e
21,484880,SOL 금융지주플러스고배당,correct,sector.financials|dividend.korea_high_dividend|asset.equity|region.domestic_kr|strategy.passive_index,sector.financials|dividend.korea_high_dividend|asset.equity|region.domestic_kr|strategy.passive_index,AI 권고 승인: 현재 태그와 보유종목·기초지수 근거의 일치 여부 확인,,,AI recommendation accepted by project owner,2026-07-22T12:28:58.021Z,749a0594eed2350c137b5161b3b2d4731928aec5edf591ffb8fab88a0e07b962
22,0098N0,PLUS 자사주매입고배당주,correct,dividend.korea_high_dividend|sector.financials|asset.equity|region.domestic_kr|strategy.passive_index,dividend.korea_high_dividend|sector.financials|asset.equity|region.domestic_kr|strategy.passive_index,AI 권고 승인: 현재 태그와 보유종목·기초지수 근거의 일치 여부 확인,,,AI recommendation accepted by project owner,2026-07-22T12:28:58.021Z,945b0da36b31cc8c63384084b5240638c116481e5451d0485e866d4e1b1f4044
23,0103T0,1Q K소버린AI,correct,sector.it|asset.equity|region.domestic_kr|strategy.passive_index,sector.it|asset.equity|region.domestic_kr|strategy.passive_index,AI 권고 승인: 현재 태그와 보유종목·기초지수 근거의 일치 여부 확인,,,AI recommendation accepted by project owner,2026-07-22T12:28:58.021Z,5c31a0338d0dcec5b00f9bf847732fe8087df96a3ef23e1c4c3927c715f5e3c4
24,0190C0,RISE 현대차고정피지컬AI,correct,asset.equity|region.domestic_kr|strategy.passive_index|sector.robotics,asset.equity|region.domestic_kr|strategy.passive_index|sector.robotics,AI 권고 승인: 현재 태그와 보유종목·기초지수 근거의 일치 여부 확인,,,AI recommendation accepted by project owner,2026-07-22T12:28:58.021Z,e484c6366c630e6319bcdc71e9a70d52a30a6373fa4a5f38eb51eafe02c442cb
