sampleNumber,etfCode,name,grade,readinessScore,selectionPhase,selectionReasons,issuer,benchmarkName,rawTypeText,topHoldings,currentTagIds,currentTagLabels,lowConfidenceTagIds,missingFields,decision,correctedTagIds,reviewNote,reviewer,reviewedAt
1,0005G0,IBK K-AI반도체코어테크,B,66,ready_core,준비도 B등급(66점),아이비케이자산운용 주식회사,FnGuide K-AI반도체 코어테크 지수,"국내주식형, 섹터",SK하이닉스 22.1%|삼성전자 21.45%|삼성전기 18.02%|한미반도체 12.07%|이수페타시스 7.58%|리노공업 5.02%|심텍 3.69%|ISC 2.19%|한화비전 2.03%|피에스케이홀딩스 1.4%,sector.semiconductor|asset.equity|region.domestic_kr|strategy.passive_index,반도체|주식|국내|지수추종(패시브),,표준 KRX 코드|상품 설명·투자 목적|산업·국가 비중|실제 분배금 이력,,,,,
2,0080G0,KODEX 방산TOP10,B,66,ready_core,준비도 B등급(66점),삼성자산운용(주),iSelect 방산 TOP10 지수(Price Return),"국내주식형, 섹터",한국항공우주 22.18%|한화에어로스페이스 20.27%|현대로템 19.78%|LIG디펜스앤에어로스페이스 19.56%|한화시스템 11.32%|풍산 4.09%|인텔리안테크 0.96%|아이쓰리시스템 0.83%|엠앤씨솔루션 0.68%|스피어 0.24%,sector.aerospace_defense|asset.equity|region.domestic_kr|strategy.passive_index,우주항공/방산|주식|국내|지수추종(패시브),,표준 KRX 코드|상품 설명·투자 목적|산업·국가 비중|실제 분배금 이력,,,,,
3,0080Y0,SOL 조선TOP3플러스레버리지,B,70,ready_core,준비도 B등급(70점),신한자산운용 주식회사,FnGuide 조선 TOP3 플러스레버리지(2x) 지수,"국내주식형, 섹터",삼성중공업 26.52%|HD현대중공업 24.81%|한화오션 24.23%|HD한국조선해양 16.56%|HD현대마린솔루션 3.06%|한화엔진 2.72%|HD현대마린엔진 1.41%|한국카본 0.83%|대한조선 0.51%|성광벤드 0.48%,strategy.leverage|asset.equity|region.domestic_kr|strategy.passive_index|sector.shipbuilding,레버리지|주식|국내|지수추종(패시브)|조선/조선기자재,,표준 KRX 코드|상품 설명·투자 목적|산업·국가 비중|실제 분배금 이력,,,,,
4,0193L0,PLUS 삼성전자선물단일종목인버스2X,A,75,ready_core,준비도 A등급(75점),한화자산운용,KRX 삼성전자 선물 인버스 -2X 지수,"국내주식형, 전략지수",설정현금액 100%|원화현금 100%,strategy.leverage|strategy.inverse|asset.equity|region.domestic_kr|strategy.passive_index,레버리지|인버스|주식|국내|지수추종(패시브),,표준 KRX 코드|상품 설명·투자 목적|산업·국가 비중|실제 분배금 이력,,,,,
5,069500,KODEX 200,B,71,ready_core,준비도 B등급(71점),삼성자산운용(주),코스피 200,"국내주식형, 대표지수",삼성전자 32.71%|SK하이닉스 28.17%|SK스퀘어 2.95%|삼성전기 1.99%|현대차 1.68%|KB금융 1.56%|신한지주 1.23%|기아 0.97%|삼성물산 0.96%|하나금융지주 0.91%,strategy.benchmark.kospi200|region.domestic_kr|asset.equity|strategy.passive_index,코스피200|국내|주식|지수추종(패시브),,상품 설명·투자 목적|산업·국가 비중|실제 분배금 이력,,,,,
6,091160,KODEX 반도체,B,71,ready_core,준비도 B등급(71점),삼성자산운용(주),KRX 반도체,"국내주식형, 섹터",SK하이닉스 38.67%|삼성전자 21.84%|한미반도체 5.5%|주성엔지니어링 3.63%|원익IPS 2.62%|피에스케이 2.32%|리노공업 2.29%|DB하이텍 2.15%|이오테크닉스 1.92%|HPSP 1.74%,sector.semiconductor|asset.equity|region.domestic_kr|strategy.passive_index,반도체|주식|국내|지수추종(패시브),,상품 설명·투자 목적|산업·국가 비중|실제 분배금 이력,,,,,
7,102110,TIGER 200,B,71,ready_core,준비도 B등급(71점),미래에셋자산운용(주),코스피 200,"국내주식형, 대표지수",삼성전자 32.72%|SK하이닉스 28.19%|SK스퀘어 2.95%|삼성전기 1.99%|현대차 1.67%|KB금융 1.56%|신한지주 1.23%|기아 0.97%|삼성물산 0.96%|하나금융지주 0.91%,strategy.benchmark.kospi200|region.domestic_kr|asset.equity|strategy.passive_index,코스피200|국내|주식|지수추종(패시브),,상품 설명·투자 목적|산업·국가 비중|실제 분배금 이력,,,,,
8,114800,KODEX 인버스,A,80,ready_core,준비도 A등급(80점),삼성자산운용(주),코스피 200 선물인버스 지수,"국내파생, 인버스",설정현금액 100%|원화현금 100%,strategy.inverse|strategy.benchmark.kospi200|region.domestic_kr|asset.equity|strategy.passive_index,인버스|코스피200|국내|주식|지수추종(패시브),,상품 설명·투자 목적|산업·국가 비중|실제 분배금 이력,,,,,
9,122630,KODEX 레버리지,A,75,ready_core,준비도 A등급(75점),삼성자산운용(주),코스피 200 레버리지지수,"국내파생, 레버리지",KODEX 200 23.58%|삼성전자 19.2%|SK하이닉스 16.53%|KODEX 200TR 9.01%|SK스퀘어 1.73%|PLUS 200 1.69%|삼성전기 1.18%|현대차 0.99%|KB금융 0.92%|신한지주 0.72%,strategy.leverage|strategy.benchmark.kospi200|region.domestic_kr|asset.equity|strategy.passive_index,레버리지|코스피200|국내|주식|지수추종(패시브),,상품 설명·투자 목적|산업·국가 비중|실제 분배금 이력,,,,,
10,123320,TIGER 레버리지,B,57,ready_core,준비도 B등급(57점),,코스피 200,,삼성전자 21.92%|SK하이닉스 18.88%|TIGER 200 14.98%|SK스퀘어 1.98%|삼성전기 1.34%|현대차 1.12%|KB금융 1.05%|신한지주 0.83%|기아 0.65%|삼성물산 0.65%,strategy.leverage|asset.equity|region.domestic_kr|strategy.passive_index,레버리지|주식|국내|지수추종(패시브),,운용사|상품 설명·투자 목적|산업·국가 비중|분배 일정|실제 분배금 이력,,,,,
11,132030,KODEX 골드선물(H),B,55,ready_core,준비도 B등급(55점),삼성자산운용(주),S&P GSCI Gold Index(TR),해외상품,,asset.commodity|region.domestic_kr|strategy.passive_index,원자재|국내|지수추종(패시브),,상품 설명·투자 목적|구성종목|산업·국가 비중|실제 분배금 이력,,,,,
12,145670,ACE 인버스,B,57,ready_core,준비도 B등급(57점),,코스피 200 선물지수,,KODEX 인버스 17.13%|TIGER 인버스 0.14%,strategy.inverse|asset.equity|region.domestic_kr|strategy.passive_index,인버스|주식|국내|지수추종(패시브),,운용사|상품 설명·투자 목적|산업·국가 비중|분배 일정|실제 분배금 이력,,,,,
13,152500,ACE 레버리지,B,57,ready_core,준비도 B등급(57점),,코스피 200,,삼성전자 23.04%|SK하이닉스 19.61%|KODEX 레버리지 9.88%|SK스퀘어 2.05%|삼성전기 1.38%|현대차 1.17%|KB금융 1.14%|ACE 200 0.99%|신한지주 0.86%|기아 0.67%,strategy.leverage|asset.equity|region.domestic_kr|strategy.passive_index,레버리지|주식|국내|지수추종(패시브),,운용사|상품 설명·투자 목적|산업·국가 비중|분배 일정|실제 분배금 이력,,,,,
14,166400,TIGER 200커버드콜OTM,B,57,ready_core,준비도 B등급(57점),,코스피 200 커버드콜 5% OTM,,삼성전자 25.03%|SK하이닉스 21.58%|TIGER 200 8.95%|SK스퀘어 2.28%|삼성전기 1.53%|TIGER 200TR 1.48%|현대차 1.28%|KB금융 1.2%|신한지주 0.94%|삼성물산 0.74%,dividend.covered_call|asset.equity|region.domestic_kr|strategy.passive_index,커버드콜 배당|주식|국내|지수추종(패시브),,운용사|상품 설명·투자 목적|산업·국가 비중|분배 일정|실제 분배금 이력,,,,,
15,225800,KIWOOM 미국달러선물레버리지,B,57,ready_core,준비도 B등급(57점),,미국달러선물지수,,KIWOOM 미국달러선물 21.39%,strategy.leverage|asset.currency|region.us|strategy.passive_index,레버리지|통화/환|미국|지수추종(패시브),,운용사|상품 설명·투자 목적|산업·국가 비중|분배 일정|실제 분배금 이력,,,,,
16,230480,KIWOOM 미국달러선물인버스2X,B,57,ready_core,준비도 B등급(57점),,미국달러선물지수,,KIWOOM 미국달러선물인버스 19.27%,strategy.leverage|strategy.inverse|asset.currency|region.us|strategy.passive_index,레버리지|인버스|통화/환|미국|지수추종(패시브),,운용사|상품 설명·투자 목적|산업·국가 비중|분배 일정|실제 분배금 이력,,,,,
17,233160,TIGER 코스닥150 레버리지,B,57,ready_core,준비도 B등급(57점),,코스닥 150,,TIGER 코스닥150 23.46%|알테오젠 6.08%|에코프로 3.83%|에코프로비엠 3.03%|주성엔지니어링 2.66%|원익IPS 1.92%|피에스케이 1.72%|리노공업 1.69%|에이비엘바이오 1.54%|레인보우로보틱스 1.48%,strategy.leverage|asset.equity|region.domestic_kr|strategy.passive_index,레버리지|주식|국내|지수추종(패시브),,운용사|상품 설명·투자 목적|산업·국가 비중|분배 일정|실제 분배금 이력,,,,,
18,233740,KODEX 코스닥150레버리지,B,57,ready_core,준비도 B등급(57점),,코스닥 150,,KODEX 코스닥150 27.04%|알테오젠 4.98%|에코프로 3.16%|에코프로비엠 2.48%|주성엔지니어링 2.19%|원익IPS 1.58%|피에스케이 1.39%|리노공업 1.39%|에이비엘바이오 1.26%|레인보우로보틱스 1.23%,strategy.leverage|asset.equity|region.domestic_kr|strategy.passive_index,레버리지|주식|국내|지수추종(패시브),,운용사|상품 설명·투자 목적|산업·국가 비중|분배 일정|실제 분배금 이력,,,,,
19,243880,TIGER 200IT레버리지,B,57,ready_core,준비도 B등급(57점),,코스피 200 정보기술,,SK스퀘어 37.17%|SK하이닉스 36.47%|삼성전자 27.86%|삼성전기 24.52%|TIGER 200 IT 15.05%|삼성SDI 8.55%|LG전자 6.42%|LG이노텍 3.02%|LG 2.85%|한미반도체 2.77%,strategy.leverage|sector.semiconductor|asset.equity|region.domestic_kr|strategy.passive_index,레버리지|반도체|주식|국내|지수추종(패시브),,운용사|상품 설명·투자 목적|산업·국가 비중|분배 일정|실제 분배금 이력,,,,,
20,243890,TIGER 200에너지화학레버리지,B,57,ready_core,준비도 B등급(57점),,코스피 200 에너지/화학,,SK 44.7%|LG화학 25.76%|HD현대 19.23%|SK이노베이션 17.65%|TIGER 200 에너지화학 14.37%|S-Oil 12.52%|한화솔루션 9.75%|GS 7.64%|OCI홀딩스 5.83%|한솔케미칼 5.46%,strategy.leverage|asset.equity|region.domestic_kr|strategy.passive_index|sector.energy_chemicals,레버리지|주식|국내|지수추종(패시브)|에너지/화학,,운용사|상품 설명·투자 목적|산업·국가 비중|분배 일정|실제 분배금 이력,,,,,
21,244580,KODEX 바이오,B,71,ready_core,준비도 B등급(71점),삼성자산운용(주),FnGuide 바이오 지수,"국내주식형, 시장테마",파마리서치 2.74%|씨어스 2.69%|한미사이언스 2.65%|삼성바이오로직스 2.58%|셀트리온 2.53%|한올바이오파마 2.49%|올릭스 2.45%|에스티팜 2.43%|동국제약 2.42%|클래시스 2.42%,sector.healthcare_bio_pharma|asset.equity|region.domestic_kr|strategy.passive_index,의료/제약/바이오|주식|국내|지수추종(패시브),,상품 설명·투자 목적|산업·국가 비중|실제 분배금 이력,,,,,
22,252400,RISE 200선물레버리지,B,57,ready_core,준비도 B등급(57점),,코스피 200 선물지수,,RISE 200 12.54%|RISE 200TR 9.78%|TIGER 200선물레버리지 6.42%,strategy.leverage|asset.equity|region.domestic_kr|strategy.passive_index,레버리지|주식|국내|지수추종(패시브),,운용사|상품 설명·투자 목적|산업·국가 비중|분배 일정|실제 분배금 이력,,,,,
23,252410,RISE 200선물인버스,B,57,ready_core,준비도 B등급(57점),,코스피 200 선물지수,,RISE 200선물인버스2X 0.64%,strategy.inverse|asset.equity|region.domestic_kr|strategy.passive_index,인버스|주식|국내|지수추종(패시브),,운용사|상품 설명·투자 목적|산업·국가 비중|분배 일정|실제 분배금 이력,,,,,
24,252420,RISE 200선물인버스2X,B,57,ready_core,준비도 B등급(57점),,코스피 200 선물지수,,RISE 200선물인버스 14.39%|TIGER 200선물인버스2X 11.26%,strategy.leverage|strategy.inverse|asset.equity|region.domestic_kr|strategy.passive_index,레버리지|인버스|주식|국내|지수추종(패시브),,운용사|상품 설명·투자 목적|산업·국가 비중|분배 일정|실제 분배금 이력,,,,,
25,252670,KODEX 200선물인버스2X,B,57,ready_core,준비도 B등급(57점),,코스피 200 선물지수,,KODEX 인버스 24.11%,strategy.leverage|strategy.inverse|asset.equity|region.domestic_kr|strategy.passive_index,레버리지|인버스|주식|국내|지수추종(패시브),,운용사|상품 설명·투자 목적|산업·국가 비중|분배 일정|실제 분배금 이력,,,,,
26,252710,TIGER 200선물인버스2X,B,57,ready_core,준비도 B등급(57점),,코스피 200 선물지수,,TIGER 인버스 35.62%,strategy.leverage|strategy.inverse|asset.equity|region.domestic_kr|strategy.passive_index,레버리지|인버스|주식|국내|지수추종(패시브),,운용사|상품 설명·투자 목적|산업·국가 비중|분배 일정|실제 분배금 이력,,,,,
27,253150,PLUS 200선물레버리지,B,57,ready_core,준비도 B등급(57점),,코스피 200 선물지수,,PLUS 200TR 5.6%|ACE 레버리지 4.73%|TIGER 레버리지 3.98%|KODEX 레버리지 0.43%,strategy.leverage|asset.equity|region.domestic_kr|strategy.passive_index,레버리지|주식|국내|지수추종(패시브),,운용사|상품 설명·투자 목적|산업·국가 비중|분배 일정|실제 분배금 이력,,,,,
28,253160,PLUS 200선물인버스2X,B,57,ready_core,준비도 B등급(57점),,코스피 200 선물지수,,KODEX 200선물인버스2X 13.35%|TIGER 200선물인버스2X 6.37%,strategy.leverage|strategy.inverse|asset.equity|region.domestic_kr|strategy.passive_index,레버리지|인버스|주식|국내|지수추종(패시브),,운용사|상품 설명·투자 목적|산업·국가 비중|분배 일정|실제 분배금 이력,,,,,
29,253230,KIWOOM 200선물인버스2X,B,57,ready_core,준비도 B등급(57점),,코스피 200 선물지수,,KODEX 200선물인버스2X 11.39%|KIWOOM 200선물인버스 2.32%,strategy.leverage|strategy.inverse|asset.equity|region.domestic_kr|strategy.passive_index,레버리지|인버스|주식|국내|지수추종(패시브),,운용사|상품 설명·투자 목적|산업·국가 비중|분배 일정|실제 분배금 이력,,,,,
30,253240,KIWOOM 200선물인버스,B,57,ready_core,준비도 B등급(57점),,코스피 200 선물지수,,KODEX 인버스 6.36%,strategy.inverse|asset.equity|region.domestic_kr|strategy.passive_index,인버스|주식|국내|지수추종(패시브),,운용사|상품 설명·투자 목적|산업·국가 비중|분배 일정|실제 분배금 이력,,,,,
31,253250,KIWOOM 200선물레버리지,B,57,ready_core,준비도 B등급(57점),,코스피 200 선물지수,,KIWOOM 200 19.76%,strategy.leverage|asset.equity|region.domestic_kr|strategy.passive_index,레버리지|주식|국내|지수추종(패시브),,운용사|상품 설명·투자 목적|산업·국가 비중|분배 일정|실제 분배금 이력,,,,,
32,261110,TIGER 미국달러선물레버리지,B,57,ready_core,준비도 B등급(57점),,미국달러선물지수,,TIGER 미국달러SOFR금리액티브(합성) 6.89%|TIGER 미국달러단기채권액티브 6.03%,strategy.leverage|asset.currency|region.us|strategy.passive_index,레버리지|통화/환|미국|지수추종(패시브),,운용사|상품 설명·투자 목적|산업·국가 비중|분배 일정|실제 분배금 이력,,,,,
33,261120,TIGER 미국달러선물인버스2X,B,57,ready_core,준비도 B등급(57점),,미국달러선물지수,,KIWOOM 미국달러선물인버스2X 4.5%|KIWOOM 미국달러선물인버스 2.01%,strategy.leverage|strategy.inverse|asset.currency|region.us|strategy.passive_index,레버리지|인버스|통화/환|미국|지수추종(패시브),,운용사|상품 설명·투자 목적|산업·국가 비중|분배 일정|실제 분배금 이력,,,,,
34,261250,KODEX 미국달러선물레버리지,B,57,ready_core,준비도 B등급(57점),,미국달러선물지수,,KODEX 미국달러선물 20.08%|KODEX 미국달러SOFR금리액티브(합성) 16.83%|키움 미국달러선물 ETN B 7.94%|KIWOOM 미국달러선물 0.64%,strategy.leverage|asset.currency|region.us|strategy.passive_index,레버리지|통화/환|미국|지수추종(패시브),,운용사|상품 설명·투자 목적|산업·국가 비중|분배 일정|실제 분배금 이력,,,,,
35,261260,KODEX 미국달러선물인버스2X,B,57,ready_core,준비도 B등급(57점),,미국달러선물지수,,KODEX 미국달러선물인버스 13.33%|키움 인버스 미국달러선물 ETN 7.19%|KIWOOM 미국달러선물인버스2X 1.01%|KIWOOM 미국달러선물인버스 0.98%|RISE 미국달러선물인버스 0.8%,strategy.leverage|strategy.inverse|asset.currency|region.us|strategy.passive_index,레버리지|인버스|통화/환|미국|지수추종(패시브),,운용사|상품 설명·투자 목적|산업·국가 비중|분배 일정|실제 분배금 이력,,,,,
36,267770,TIGER 200선물레버리지,B,57,ready_core,준비도 B등급(57점),,코스피 200 선물지수,,TIGER 200 16.93%|TIGER 레버리지 5.5%|RISE 200선물레버리지 4.41%,strategy.leverage|asset.equity|region.domestic_kr|strategy.passive_index,레버리지|주식|국내|지수추종(패시브),,운용사|상품 설명·투자 목적|산업·국가 비중|분배 일정|실제 분배금 이력,,,,,
37,278240,RISE 코스닥150선물레버리지,B,57,ready_core,준비도 B등급(57점),,F-코스닥150 지수,,RISE 코스닥150 32.94%|KODEX 코스닥150레버리지 3.92%|PLUS 코스닥150 0.89%,strategy.leverage|asset.equity|region.domestic_kr|strategy.passive_index,레버리지|주식|국내|지수추종(패시브),,운용사|상품 설명·투자 목적|산업·국가 비중|분배 일정|실제 분배금 이력,,,,,
38,289480,TIGER 200커버드콜,B,57,ready_core,준비도 B등급(57점),,코스피 200 커버드콜 ATM 지수,,삼성전자 23.31%|SK하이닉스 20.09%|TIGER 200 19.99%|SK스퀘어 2.14%|삼성전기 1.47%|현대차 1.21%|KB금융 1.13%|신한지주 0.89%|삼성물산 0.7%|기아 0.69%,dividend.covered_call|asset.equity|region.domestic_kr|strategy.passive_index,커버드콜 배당|주식|국내|지수추종(패시브),,운용사|상품 설명·투자 목적|산업·국가 비중|분배 일정|실제 분배금 이력,,,,,
39,290080,RISE 200고배당커버드콜ATM,B,57,ready_core,준비도 B등급(57점),,코스피 200 고배당커버드콜 ATM 지수(시장가격지수),,DB손해보험 3.07%|미스토홀딩스 2.86%|삼성카드 2.81%|기업은행 2.8%|JB금융지주 2.71%|제일기획 2.7%|강원랜드 2.61%|BNK금융지주 2.55%|LG유플러스 2.53%|우리금융지주 2.51%,dividend.covered_call|asset.equity|region.domestic_kr|strategy.passive_index,커버드콜 배당|주식|국내|지수추종(패시브),,운용사|상품 설명·투자 목적|산업·국가 비중|분배 일정|실제 분배금 이력,,,,,
40,291630,KIWOOM 코스닥150선물레버리지,B,57,ready_core,준비도 B등급(57점),,F-코스닥150 지수,,KIWOOM 코스닥150 20.66%,strategy.leverage|asset.equity|region.domestic_kr|strategy.passive_index,레버리지|주식|국내|지수추종(패시브),,운용사|상품 설명·투자 목적|산업·국가 비중|분배 일정|실제 분배금 이력,,,,,
41,304780,HANARO 200선물레버리지,B,57,ready_core,준비도 B등급(57점),,코스피 200 선물지수,,TIGER 200선물레버리지 12.22%|HANARO 200TR 8.94%|HANARO 200 7.55%,strategy.leverage|asset.equity|region.domestic_kr|strategy.passive_index,레버리지|주식|국내|지수추종(패시브),,운용사|상품 설명·투자 목적|산업·국가 비중|분배 일정|실제 분배금 이력,,,,,
42,306530,HANARO 코스닥150선물레버리지,B,57,ready_core,준비도 B등급(57점),,F-코스닥150 지수,,HANARO 코스닥150 17.25%|KODEX 코스닥150레버리지 2.03%,strategy.leverage|asset.equity|region.domestic_kr|strategy.passive_index,레버리지|주식|국내|지수추종(패시브),,운용사|상품 설명·투자 목적|산업·국가 비중|분배 일정|실제 분배금 이력,,,,,
43,306950,KODEX KRX300레버리지,B,57,ready_core,준비도 B등급(57점),,KRX 300,,KODEX KRX300 25.14%|삼성전자 22.82%|SK하이닉스 19.64%|SK스퀘어 2.06%|삼성전기 1.38%|현대차 1.17%|KB금융 1.09%|신한지주 0.86%|기아 0.67%|삼성물산 0.67%,strategy.leverage|asset.equity|region.domestic_kr|strategy.passive_index,레버리지|주식|국내|지수추종(패시브),,운용사|상품 설명·투자 목적|산업·국가 비중|분배 일정|실제 분배금 이력,,,,,
44,364690,KODEX 혁신기술테마액티브,B,57,ready_core,준비도 B등급(57점),,코스피,,삼성전자 24.28%|SK하이닉스 20.45%|삼성전기 6.66%|SK스퀘어 5.32%|LG이노텍 3.88%|한화에어로스페이스 3.76%|HD현대일렉트릭 2.05%|삼성바이오로직스 1.91%|현대차 1.74%|한국항공우주 1.71%,sector.tech_general|strategy.active|asset.equity|region.domestic_kr,테크/기술|액티브|주식|국내,sector.tech_general,운용사|상품 설명·투자 목적|산업·국가 비중|분배 일정|실제 분배금 이력,,,,,
45,365040,TIGER AI코리아그로스액티브,B,57,ready_core,준비도 B등급(57점),,코스피,,삼성전자 27.21%|SK하이닉스 24.12%|SK스퀘어 2.79%|현대차 1.7%|삼성전기 1.55%|KB금융 1.55%|삼성바이오로직스 1.41%|LG에너지솔루션 1.32%|한화에어로스페이스 1.26%|두산에너빌리티 1.24%,sector.semiconductor|strategy.growth|strategy.active|asset.equity|region.domestic_kr,반도체|성장주|액티브|주식|국내,,운용사|상품 설명·투자 목적|산업·국가 비중|분배 일정|실제 분배금 이력,,,,,
46,373490,KODEX 코리아혁신성장액티브,B,57,ready_core,준비도 B등급(57점),,FnGuide K-이노베이션 지수,,기아 10.11%|삼성SDI 9.64%|삼성전자 9.04%|현대차 8.87%|SK하이닉스 8.47%|삼성전기 6.86%|LG에너지솔루션 4.9%|이수페타시스 2.32%|서진시스템 2.3%|비나텍 2.13%,strategy.growth|strategy.active|asset.equity|region.domestic_kr,성장주|액티브|주식|국내,strategy.growth,운용사|상품 설명·투자 목적|산업·국가 비중|분배 일정|실제 분배금 이력,,,,,
47,385510,KODEX 신재생에너지액티브,B,57,ready_core,준비도 B등급(57점),,FnGuide K-신재생에너지 플러스 지수,,SK이터닉스 7.16%|삼성SDI 6.54%|OCI홀딩스 6.5%|HD현대에너지솔루션 6.3%|한화솔루션 5.66%|서진시스템 4.89%|씨에스윈드 4.85%|SK오션플랜트 3.88%|비나텍 3.57%|LS ELECTRIC 3.53%,sector.clean_energy|strategy.active|asset.equity|region.domestic_kr,클린에너지|액티브|주식|국내,,운용사|상품 설명·투자 목적|산업·국가 비중|분배 일정|실제 분배금 이력,,,,,
48,385520,KODEX 자율주행액티브,B,57,ready_core,준비도 B등급(57점),,FnGuide K-미래차 지수,,한국타이어앤테크놀로지 5.99%|삼성전기 5.34%|현대모비스 5.08%|HL만도 4.93%|테스 4.84%|현대차 4.79%|SK하이닉스 4.63%|삼성SDI 4.03%|현대오토에버 3.85%|LG에너지솔루션 3.79%,sector.autonomous_mobility|strategy.active|asset.equity|region.domestic_kr,자율주행/모빌리티|액티브|주식|국내,sector.autonomous_mobility,운용사|상품 설명·투자 목적|산업·국가 비중|분배 일정|실제 분배금 이력,,,,,
49,385590,ACE ESG액티브,B,57,ready_core,준비도 B등급(57점),,MSCI Korea Country ESG Leaders Custom Capped Price return Index,,삼성전자 23.83%|SK하이닉스 16.75%|SK스퀘어 6.63%|KB금융 6.35%|삼성전기 5.27%|신한지주 4.52%|두산에너빌리티 4.11%|하나금융지주 3.83%|삼성물산 3.83%|SK 3.18%,strategy.active|asset.equity|region.domestic_kr|strategy.esg_screening,액티브|주식|국내|ESG/탄소효율,strategy.esg_screening,운용사|상품 설명·투자 목적|산업·국가 비중|분배 일정|실제 분배금 이력,,,,,
50,385600,ACE 2차전지&친환경차액티브,B,57,ready_core,준비도 B등급(57점),,FnGuide 친환경 자동차 밸류체인 지수,,기아 8.84%|삼성SDI 8.5%|POSCO홀딩스 8.27%|LG에너지솔루션 8.23%|현대모비스 8.15%|LG화학 7.92%|LG전자 7.9%|현대차 7.16%|삼성전기 6.81%|에코프로비엠 4.41%,sector.ev_battery|strategy.active|asset.equity|region.domestic_kr,전기차/2차전지|액티브|주식|국내,,운용사|상품 설명·투자 목적|산업·국가 비중|분배 일정|실제 분배금 이력,,,,,
51,385710,TIME K이노베이션액티브,B,57,ready_core,준비도 B등급(57점),,KRX BBIG 지수,,삼성SDI 10.98%|알테오젠 10.24%|LG에너지솔루션 9.35%|SK하이닉스 7.67%|POSCO홀딩스 7.06%|NAVER 6.6%|삼성바이오로직스 5.17%|삼성전자 4.73%|셀트리온 4.03%|피에스케이 2.56%,sector.ev_battery|sector.healthcare_bio_pharma|strategy.active|asset.equity|region.domestic_kr,전기차/2차전지|의료/제약/바이오|액티브|주식|국내,sector.ev_battery|sector.healthcare_bio_pharma,운용사|상품 설명·투자 목적|산업·국가 비중|분배 일정|실제 분배금 이력,,,,,
52,385720,TIME 코스피액티브,B,57,ready_core,준비도 B등급(57점),,코스피,,SK하이닉스 24.23%|삼성전자 21.67%|삼양식품 4.72%|KB금융 4.24%|에이피알 3.63%|삼성SDI 3.62%|SK스퀘어 3.59%|두산 2.53%|신세계 2.28%|SK 2.25%,strategy.active|asset.equity|region.domestic_kr,액티브|주식|국내,,운용사|상품 설명·투자 목적|산업·국가 비중|분배 일정|실제 분배금 이력,,,,,
53,387280,TIGER 퓨처모빌리티액티브,B,57,ready_core,준비도 B등급(57점),,FnGuide 퓨처모빌리티 지수,,현대모비스 8.85%|삼성SDI 8.38%|LG에너지솔루션 7.45%|삼성전기 7.02%|SK하이닉스 6.7%|현대차 6.04%|현대오토에버 5.96%|로보티즈 5.79%|현대글로비스 5.62%|엘앤에프 3.22%,sector.ev_battery|sector.autonomous_mobility|strategy.active|asset.equity|region.domestic_kr,전기차/2차전지|자율주행/모빌리티|액티브|주식|국내,sector.autonomous_mobility,운용사|상품 설명·투자 목적|산업·국가 비중|분배 일정|실제 분배금 이력,,,,,
54,388420,RISE 비메모리반도체액티브,B,57,ready_core,준비도 B등급(57점),,iSelect 비메모리반도체 지수(시장가격지수),,삼성전자 24.72%|SK하이닉스 17.21%|심텍 6.86%|브이엠 6.67%|피에스케이 5.81%|삼성전기 4.94%|원익QnC 4.31%|대덕전자 4.27%|네패스아크 4.09%|리노공업 4%,sector.semiconductor|strategy.active|asset.equity|region.domestic_kr,반도체|액티브|주식|국내,,운용사|상품 설명·투자 목적|산업·국가 비중|분배 일정|실제 분배금 이력,,,,,
55,391670,HK 베스트일레븐액티브,B,57,ready_core,준비도 B등급(57점),,코스피 200,,삼성전자 25.92%|SK하이닉스 21.6%|삼성물산 8.96%|SK스퀘어 8.52%|현대오토에버 8.28%|삼성전기 8%|한화솔루션 4.16%|SK 3.87%|한국전력 3.59%|현대모비스 3.54%,strategy.active|asset.equity|region.domestic_kr,액티브|주식|국내,,운용사|상품 설명·투자 목적|산업·국가 비중|분배 일정|실제 분배금 이력,,,,,
56,395750,PLUS ESG가치주액티브,B,57,ready_core,준비도 B등급(57점),,FnGuide 한화 ESG 가치 지수,,삼성전자 24.95%|SK하이닉스 20.09%|KB금융 2.9%|신한지주 2.72%|SK스퀘어 2.6%|현대차 2.42%|SK 2.21%|현대모비스 2.04%|S-Oil 1.97%|삼성전기 1.75%,strategy.value|strategy.active|asset.equity|region.domestic_kr,가치주|액티브|주식|국내,strategy.value,운용사|상품 설명·투자 목적|산업·국가 비중|분배 일정|실제 분배금 이력,,,,,
57,395760,PLUS ESG성장주액티브,B,57,ready_core,준비도 B등급(57점),,FnGuide 한화 ESG 성장 지수,,삼성전자 26.33%|SK하이닉스 15.74%|SK스퀘어 5.17%|삼성전기 4.03%|에이피알 2.45%|삼성중공업 2.4%|알테오젠 2.01%|두산에너빌리티 1.84%|한전기술 1.54%|현대차 1.22%,strategy.growth|strategy.active|asset.equity|region.domestic_kr,성장주|액티브|주식|국내,strategy.growth,운용사|상품 설명·투자 목적|산업·국가 비중|분배 일정|실제 분배금 이력,,,,,
58,401470,KODEX 메타버스액티브,B,57,ready_core,준비도 B등급(57점),,FnGuide K-메타버스 지수,,삼성전자 7.7%|하이브 7.64%|크래프톤 6.7%|NC 6.52%|SK하이닉스 6.16%|NHN 5.62%|와이지엔터테인먼트 5.13%|에스엠 5.05%|JYP Ent. 4.92%|넷마블 4.54%,sector.game_entertainment_media|strategy.active|asset.equity|region.domestic_kr,게임/엔터/미디어|액티브|주식|국내,,운용사|상품 설명·투자 목적|산업·국가 비중|분배 일정|실제 분배금 이력,,,,,
59,403790,MIDAS 코스피액티브,B,57,ready_core,준비도 B등급(57점),,코스피,,삼성전자 27.5%|SK하이닉스 22.4%|SK스퀘어 1.96%|현대차우 1.81%|KB금융 1.61%|삼성전기 1.61%|현대차 1.45%|삼성생명 1.33%|기아 1.28%|LG에너지솔루션 1.28%,strategy.active|asset.equity|region.domestic_kr,액티브|주식|국내,,운용사|상품 설명·투자 목적|산업·국가 비중|분배 일정|실제 분배금 이력,,,,,
60,404120,TIME K신재생에너지액티브,B,57,ready_core,준비도 B등급(57점),,KRX 기후변화 솔루션지수,,삼성전자 9.65%|한화솔루션 9.45%|SK하이닉스 8.38%|삼성SDI 8.34%|두산퓨얼셀 7.41%|씨에스윈드 7.15%|한화 4.57%|삼성전기 3.99%|현대차 3.67%|기아 3.55%,sector.clean_energy|strategy.active|asset.equity|region.domestic_kr,클린에너지|액티브|주식|국내,,운용사|상품 설명·투자 목적|산업·국가 비중|분배 일정|실제 분배금 이력,,,,,
61,407820,에셋플러스 코리아플랫폼액티브,B,57,ready_core,준비도 B등급(57점),,FnGuide 플랫폼 지수(Price Return),,한국금융지주 8.2%|NAVER 7.09%|인바디 6.85%|SK 6.33%|SK스퀘어 6.3%|DB하이텍 4.69%|현대백화점 4.65%|한국콜마 4.58%|LS 4.14%|영원무역 3.92%,strategy.active|asset.equity|region.domestic_kr,액티브|주식|국내,,운용사|상품 설명·투자 목적|산업·국가 비중|분배 일정|실제 분배금 이력,,,,,
62,410870,TIME K컬처액티브,B,57,ready_core,준비도 B등급(57점),,FnGuide K-컬처 지수,,삼양식품 6.62%|휴젤 6.08%|에이피알 5.66%|펄어비스 5.55%|NC 5.5%|하이브 5.08%|파마리서치 4.93%|현대백화점 4.71%|롯데쇼핑 4.6%|에스엠 4.46%,sector.game_entertainment_media|strategy.active|asset.equity|region.domestic_kr,게임/엔터/미디어|액티브|주식|국내,sector.game_entertainment_media,운용사|상품 설명·투자 목적|산업·국가 비중|분배 일정|실제 분배금 이력,,,,,
63,412560,TIGER BBIG레버리지,B,57,ready_core,준비도 B등급(57점),,KRX BBIG 지수,,NC 9.24%|삼성SDI 8.99%|크래프톤 8.37%|알테오젠 7.24%|셀트리온 7.21%|LG에너지솔루션 7.16%|POSCO홀딩스 7.14%|삼성바이오로직스 6.86%|TIGER BBIG 6.83%|NAVER 6.81%,strategy.leverage|asset.equity|region.domestic_kr|strategy.passive_index,레버리지|주식|국내|지수추종(패시브),,운용사|상품 설명·투자 목적|산업·국가 비중|분배 일정|실제 분배금 이력,,,,,
64,412570,TIGER 2차전지TOP10레버리지,B,57,ready_core,준비도 B등급(57점),,KRX 2차전지 TOP 10 지수,,TIGER 2차전지TOP10 23.55%|삼성SDI 16.61%|POSCO홀딩스 15.87%|LG에너지솔루션 12.73%|LG화학 3.74%|SK이노베이션 2.64%|에코프로 2.17%|에코프로비엠 1.69%|포스코퓨처엠 1.41%|엘앤에프 0.76%,strategy.leverage|sector.ev_battery|asset.equity|region.domestic_kr|strategy.passive_index,레버리지|전기차/2차전지|주식|국내|지수추종(패시브),,운용사|상품 설명·투자 목적|산업·국가 비중|분배 일정|실제 분배금 이력,,,,,
65,413930,WON AI ESG액티브,B,57,ready_core,준비도 B등급(57점),,MK-iSelect AI ESG 지수(시장가격지수),,삼성전자 26.65%|SK하이닉스 22.3%|SK스퀘어 6.45%|삼성전기 4.35%|KB금융 2.68%|SK 2.19%|현대차 1.7%|두산에너빌리티 1.59%|신한지주 1.57%|삼성물산 1.3%,strategy.active|asset.equity|region.domestic_kr,액티브|주식|국내,,운용사|상품 설명·투자 목적|산업·국가 비중|분배 일정|실제 분배금 이력,,,,,
66,422420,RISE 2차전지액티브,B,57,ready_core,준비도 B등급(57점),,iSelect 2차전지 지수 (시장가격지수),,삼성SDI 15.03%|LG에너지솔루션 10.18%|엘앤에프 10.06%|포스코퓨처엠 9.7%|에코프로비엠 7.23%|대주전자재료 6.88%|에코프로 6.57%|LS 6.51%|롯데에너지머티리얼즈 5.38%|SKC 4.61%,sector.ev_battery|strategy.active|asset.equity|region.domestic_kr,전기차/2차전지|액티브|주식|국내,,운용사|상품 설명·투자 목적|산업·국가 비중|분배 일정|실제 분배금 이력,,,,,
67,433250,UNICORN R&D 액티브,B,57,ready_core,준비도 B등급(57점),,코스피 200,,SK하이닉스 22.81%|삼성전자 16.57%|한화에어로스페이스 5.99%|현대모비스 4.26%|현대차 4.22%|NAVER 3.56%|삼성전기 3.12%|LG이노텍 2.63%|삼성SDI 2.24%|카카오 2.22%,strategy.active|asset.equity|region.domestic_kr,액티브|주식|국내,,운용사|상품 설명·투자 목적|산업·국가 비중|분배 일정|실제 분배금 이력,,,,,
68,438740,MIDAS 중소형액티브,B,57,ready_core,준비도 B등급(57점),,코스피 중형주,,삼성전기 4.33%|테스 3.03%|엘앤씨바이오 2.71%|두산 2.32%|신세계 2.31%|효성중공업 2.19%|디앤디파마텍 1.92%|두산에너빌리티 1.77%|이수페타시스 1.66%|HD현대마린솔루션 1.59%,strategy.active|asset.equity|region.domestic_kr,액티브|주식|국내,,운용사|상품 설명·투자 목적|산업·국가 비중|분배 일정|실제 분배금 이력,,,,,
69,441640,KODEX 미국배당커버드콜액티브,B,55,ready_core,준비도 B등급(55점),삼성자산운용(주),S&P 500,"해외주식형, 시장대표",,strategy.benchmark.sp500|region.us|dividend.covered_call|strategy.active|asset.equity,S&P500|미국|커버드콜 배당|액티브|주식,,상품 설명·투자 목적|구성종목|산업·국가 비중|실제 분배금 이력,,,,,
70,441800,TIME Korea플러스배당액티브,B,57,ready_core,준비도 B등급(57점),,코스피 200,,SK하이닉스 15.7%|삼성전자 12.95%|키움증권 4.86%|삼양식품 4.45%|메리츠금융지주 3.9%|NH투자증권 3.89%|한국금융지주 3.56%|삼성물산 3.31%|삼성증권 3.27%|SK스퀘어 3.1%,strategy.active|asset.equity|region.domestic_kr,액티브|주식|국내,,운용사|상품 설명·투자 목적|산업·국가 비중|분배 일정|실제 분배금 이력,,,,,
71,442090,에셋플러스 코리아대장장이액티브,B,57,ready_core,준비도 B등급(57점),,FnGuide 대장장이 지수(Price Return),,SK하이닉스 14.88%|SK가스 6.26%|삼성전기 5.42%|주성엔지니어링 4.42%|현대차 4.37%|와이지-원 4.34%|삼성SDI 4.25%|이엔에프테크놀로지 4.14%|송원산업 4.11%|S-Oil 3.97%,strategy.active|asset.equity|region.domestic_kr,액티브|주식|국내,,운용사|상품 설명·투자 목적|산업·국가 비중|분배 일정|실제 분배금 이력,,,,,
72,442260,마이티 다이나믹퀀트액티브,B,57,ready_core,준비도 B등급(57점),,코스피 200,,삼성전자 25.7%|SK하이닉스 23.41%|마이티 200TR 17.02%|SK스퀘어 5.11%|SK 2.11%|현대차 2.1%|기아 1.78%|KB금융 1.4%|삼성전기 1.27%|S-Oil 1.23%,strategy.active|asset.equity|region.domestic_kr,액티브|주식|국내,,운용사|상품 설명·투자 목적|산업·국가 비중|분배 일정|실제 분배금 이력,,,,,
73,444200,SOL 코리아메가테크액티브,B,57,ready_core,준비도 B등급(57점),,KEDI 메가테크지수(PR),,삼성전자 25.4%|SK하이닉스 18.37%|카카오 4.74%|현대차 4.54%|두산에너빌리티 4.34%|삼성전기 4.26%|한화에어로스페이스 4.25%|삼성에스디에스 3.05%|기아 2.86%|HD현대일렉트릭 2.4%,strategy.active|asset.equity|region.domestic_kr,액티브|주식|국내,,운용사|상품 설명·투자 목적|산업·국가 비중|분배 일정|실제 분배금 이력,,,,,
74,445150,KODEX 친환경조선해운액티브,B,57,ready_core,준비도 B등급(57점),,FnGuide K-친환경 선박 지수,,HD현대중공업 8.94%|삼성중공업 8.8%|HD한국조선해양 8.01%|한화오션 7.48%|동성화인텍 7.32%|HD현대마린엔진 6.29%|한국카본 6.22%|대한조선 6.03%|한화엔진 5.72%|HD현대마린솔루션 5.48%,strategy.active|asset.equity|region.domestic_kr|sector.shipbuilding,액티브|주식|국내|조선/조선기자재,,운용사|상품 설명·투자 목적|산업·국가 비중|분배 일정|실제 분배금 이력,,,,,
75,445290,KODEX 로봇액티브,B,57,ready_core,준비도 B등급(57점),,iSelect K-로봇테마 지수,,삼성전자 9.42%|현대모비스 8.26%|로보티즈 7.92%|LG전자 7.5%|레인보우로보틱스 6.63%|현대오토에버 6.28%|현대차 5.76%|두산로보틱스 5.28%|NAVER 5.26%|SK하이닉스 4.41%,strategy.active|asset.equity|region.domestic_kr|sector.robotics,액티브|주식|국내|휴머노이드로봇/로보틱스,sector.robotics,운용사|상품 설명·투자 목적|산업·국가 비중|분배 일정|실제 분배금 이력,,,,,
76,445690,BNK 주주가치액티브,B,57,ready_core,준비도 B등급(57점),,FnGuide 주주가치 지수,,SK하이닉스 20.68%|삼성전자 17.21%|현대차 4.89%|기아 3.34%|KB금융 3.32%|신한지주 3.09%|크래프톤 2.83%|코웨이 2.54%|한화오션 1.79%|메리츠금융지주 1.47%,strategy.active|asset.equity|region.domestic_kr,액티브|주식|국내,,운용사|상품 설명·투자 목적|산업·국가 비중|분배 일정|실제 분배금 이력,,,,,
77,447430,ACE 주주환원가치주액티브,B,57,ready_core,준비도 B등급(57점),,FnGuide 올라운드 가치주 지수,,더블유게임즈 9.15%|영원무역홀딩스 8.74%|서희건설 8.68%|SK가스 6.76%|KSS해운 6.34%|쿠쿠홀딩스 6.03%|세방전지 5.18%|세아제강 4.34%|세아제강지주 4.24%|NICE 4.18%,strategy.value|strategy.active|asset.equity|region.domestic_kr,가치주|액티브|주식|국내,,운용사|상품 설명·투자 목적|산업·국가 비중|분배 일정|실제 분배금 이력,,,,,
78,448570,FOCUS AI코리아액티브,B,57,ready_core,준비도 B등급(57점),,코스피,,삼성전자 17.59%|SK하이닉스 12.26%|KB금융 6.82%|하나금융지주 6.61%|우리금융지주 6.02%|셀트리온 5.77%|삼성바이오로직스 5.71%|한국항공우주 5.54%|현대모비스 5.48%|현대로템 5.48%,strategy.active|asset.equity|region.domestic_kr,액티브|주식|국내,,운용사|상품 설명·투자 목적|산업·국가 비중|분배 일정|실제 분배금 이력,,,,,
79,449450,PLUS K방산,B,71,ready_core,준비도 B등급(71점),한화자산운용,FnGuide K-방위산업 지수,"국내주식형, 시장테마",한화에어로스페이스 20.84%|현대로템 19.57%|한화오션 17.04%|한국항공우주 16.1%|LIG디펜스앤에어로스페이스 15.53%|한화시스템 7.63%|풍산 1.75%|STX엔진 0.62%|SNT다이내믹스 0.56%|엠앤씨솔루션 0.28%,sector.aerospace_defense|asset.equity|region.domestic_kr|strategy.passive_index,우주항공/방산|주식|국내|지수추종(패시브),,상품 설명·투자 목적|산업·국가 비중|실제 분배금 이력,,,,,
80,451060,1Q 200액티브,B,57,ready_core,준비도 B등급(57점),,코스피 200,,삼성전자 32.67%|SK하이닉스 28.14%|SK스퀘어 2.93%|삼성전기 1.97%|현대차 1.67%|KB금융 1.56%|신한지주 1.23%|기아 0.97%|삼성물산 0.96%|하나금융지주 0.91%,strategy.active|asset.equity|region.domestic_kr,액티브|주식|국내,,운용사|상품 설명·투자 목적|산업·국가 비중|분배 일정|실제 분배금 이력,,,,,
81,457930,BNK 미래전략기술액티브,B,57,ready_core,준비도 B등급(57점),,iSelect 미래전략기술 지수 (PR),,SK하이닉스 12.42%|삼성전자 11.82%|현대차 3.06%|셀트리온 2.77%|기아 2.68%|삼성바이오로직스 2.65%|삼성물산 2.57%|한화에어로스페이스 2.55%|두산에너빌리티 2.46%|현대모비스 2.32%,strategy.active|asset.equity|region.domestic_kr,액티브|주식|국내,,운용사|상품 설명·투자 목적|산업·국가 비중|분배 일정|실제 분배금 이력,,,,,
82,461490,RISE 글로벌자산배분액티브,B,57,ready_core,준비도 B등급(57점),,Bloomberg Multi-Asset Weighted (KRW ETFs) 지수(시장가격),,RISE 미국S&P500 26%|KODEX 종합채권(AA-이상)액티브 17.12%|RISE 종합채권(A-이상)액티브 15.24%|TIGER 종합채권(AA-이상)액티브 14.42%|TIGER KRX금현물 12.02%|RISE 머니마켓액티브 5.73%|TIGER 미국S&P500 3.79%|KODEX 미국S&P500 1.72%|ACE KRX금현물 0.99%|TIME 미국S&P500액티브 0.31%,strategy.active|asset.mixed|region.developed,액티브|혼합/멀티에셋|선진국/글로벌,,운용사|상품 설명·투자 목적|산업·국가 비중|분배 일정|실제 분배금 이력,,,,,
83,462330,KODEX 2차전지산업레버리지,B,57,ready_core,준비도 B등급(57점),,FnGuide 2차전지 산업 지수,,KODEX 2차전지산업 28.83%|LG에너지솔루션 25.79%|삼성SDI 17.96%|POSCO홀딩스 14.51%|LG화학 9.27%|에코프로비엠 6.02%|에코프로 5.6%|SK이노베이션 3.69%|포스코퓨처엠 2.84%|서진시스템 2.47%,strategy.leverage|sector.ev_battery|asset.equity|region.domestic_kr|strategy.passive_index,레버리지|전기차/2차전지|주식|국내|지수추종(패시브),,운용사|상품 설명·투자 목적|산업·국가 비중|분배 일정|실제 분배금 이력,,,,,
84,462900,KoAct 바이오헬스케어액티브,B,57,ready_core,준비도 B등급(57점),,iSelect 바이오헬스케어 PR 지수,,에스티팜 9%|올릭스 8.76%|알테오젠 8.19%|리가켐바이오 7.9%|셀트리온 7.75%|에이비엘바이오 7.5%|디앤디파마텍 6.69%|한미약품 5.63%|한올바이오파마 4.75%|알지노믹스 4.18%,sector.healthcare_bio_pharma|strategy.active|asset.equity|region.domestic_kr,의료/제약/바이오|액티브|주식|국내,,운용사|상품 설명·투자 목적|산업·국가 비중|분배 일정|실제 분배금 이력,,,,,
85,463050,TIME K바이오액티브,B,57,ready_core,준비도 B등급(57점),,KRX 헬스케어,,셀트리온 13.73%|알테오젠 10.98%|삼성바이오로직스 8.87%|한미약품 7.25%|올릭스 7.03%|리가켐바이오 5.37%|에스티팜 4.99%|디앤디파마텍 3.61%|에이비엘바이오 3.13%|셀트리온제약 2.54%,sector.healthcare_bio_pharma|strategy.active|asset.equity|region.domestic_kr,의료/제약/바이오|액티브|주식|국내,,운용사|상품 설명·투자 목적|산업·국가 비중|분배 일정|실제 분배금 이력,,,,,
86,470310,UNICORN 생성형AI강소기업액티브,B,57,ready_core,준비도 B등급(57점),,iSelect AI 지수,,카카오 9.49%|LG전자 9.48%|NAVER 9.25%|LG씨엔에스 8.98%|삼성에스디에스 8.85%|루닛 8.49%|NHN 8.27%|한글과컴퓨터 4.94%|피에스케이홀딩스 3.18%|셀바스AI 2.98%,sector.tech_general|strategy.active|asset.equity|region.domestic_kr,테크/기술|액티브|주식|국내,sector.tech_general,운용사|상품 설명·투자 목적|산업·국가 비중|분배 일정|실제 분배금 이력,,,,,
87,471780,TIGER 코리아테크액티브,B,57,ready_core,준비도 B등급(57점),,KRX 정보기술,,삼성전자 26.01%|SK하이닉스 21.17%|삼성전기 10.21%|피에스케이 4.44%|테스 4.02%|대덕전자 3.73%|브이엠 3.48%|심텍 3.4%|티에스이 3.08%|피에스케이홀딩스 3.06%,sector.semiconductor|strategy.active|asset.equity|region.domestic_kr,반도체|액티브|주식|국내,,운용사|상품 설명·투자 목적|산업·국가 비중|분배 일정|실제 분배금 이력,,,,,
88,472150,TIGER 배당커버드콜액티브,B,57,ready_core,준비도 B등급(57점),,코스피 200 커버드콜 5% OTM,,SK하이닉스 24.52%|삼성전자 23.07%|TIGER 200 8.78%|삼성전자우 6.13%|TIGER 200타겟위클리커버드콜 3.05%|SK스퀘어 2.75%|삼성전기 1.84%|KB금융 1.77%|하나금융지주 1.76%|현대차 1.69%,dividend.covered_call|strategy.active|asset.equity|region.domestic_kr,커버드콜 배당|액티브|주식|국내,,운용사|상품 설명·투자 목적|산업·국가 비중|분배 일정|실제 분배금 이력,,,,,
89,472720,TRUSTON 주주가치액티브,B,57,ready_core,준비도 B등급(57점),,코스피 200,,SK하이닉스 17.08%|삼성전자 6.38%|KB금융 5.03%|NH투자증권 4.8%|두산 4.77%|LS 4.45%|키움증권 3.43%|신한지주 3.14%|SK 2.81%|비츠로셀 2.76%,strategy.active|asset.equity|region.domestic_kr,액티브|주식|국내,,운용사|상품 설명·투자 목적|산업·국가 비중|분배 일정|실제 분배금 이력,,,,,
90,474590,WON 반도체밸류체인액티브,B,57,ready_core,준비도 B등급(57점),,FnGuide 반도체 밸류체인 (Price Return) 지수,,SK하이닉스 22.99%|삼성전자 21.55%|기가비스 6.08%|피에스케이 5.22%|피에스케이홀딩스 5.18%|브이엠 4.72%|SK스퀘어 4.4%|대덕전자 3.84%|삼성전기 3.8%|주성엔지니어링 3.24%,sector.semiconductor|strategy.active|asset.equity|region.domestic_kr,반도체|액티브|주식|국내,,운용사|상품 설명·투자 목적|산업·국가 비중|분배 일정|실제 분배금 이력,,,,,
91,475720,RISE 200위클리커버드콜,B,57,ready_core,준비도 B등급(57점),,코스피 200 위클리 커버드콜 ATM 지수,,삼성전자 27.22%|SK하이닉스 24.6%|RISE 200 3.82%|SK스퀘어 2.73%|삼성전기 1.82%|현대차 1.53%|KB금융 1.43%|신한지주 1.14%|기아 0.92%|삼성물산 0.91%,dividend.covered_call|asset.equity|region.domestic_kr|strategy.passive_index,커버드콜 배당|주식|국내|지수추종(패시브),,운용사|상품 설명·투자 목적|산업·국가 비중|분배 일정|실제 분배금 이력,,,,,
92,476000,UNICORN 포스트IPO액티브,B,57,ready_core,준비도 B등급(57점),,iSelect 포스트 IPO 지수,,씨어스 15.01%|리센스메디컬 9.45%|코스모로보틱스 9.14%|세미티에스 7.91%|마키나락스 6.81%|케이뱅크 5.42%|액스비스 5.32%|아이엠바이오로직스 5.3%|카나프테라퓨틱스 3.52%|알지노믹스 3.24%,strategy.active|asset.equity|region.domestic_kr,액티브|주식|국내,,운용사|상품 설명·투자 목적|산업·국가 비중|분배 일정|실제 분배금 이력,,,,,
93,476850,KoAct 배당성장액티브,B,57,ready_core,준비도 B등급(57점),,코스피,,삼성전자우 22.91%|SK하이닉스 20.44%|HD현대중공업 4%|KB금융 3.49%|한국금융지주 3.24%|SK스퀘어 3.11%|삼성전기 2.14%|F&F 1.95%|키움증권 1.82%|HD한국조선해양 1.8%,sector.semiconductor|strategy.active|asset.equity|region.domestic_kr,반도체|액티브|주식|국내,sector.semiconductor,운용사|상품 설명·투자 목적|산업·국가 비중|분배 일정|실제 분배금 이력,,,,,
94,482030,KoAct 반도체&2차전지핵심소재액티브,B,57,ready_core,준비도 B등급(57점),,iSelect 반도체&2차전지핵심소재 지수,,한솔케미칼 7.48%|솔브레인 6.53%|에스앤에스텍 6.11%|동진쎄미켐 5.31%|대주전자재료 4.89%|에코프로 4.77%|엘앤에프 4.31%|포스코인터내셔널 4.21%|후성 3.87%|포스코퓨처엠 3.7%,sector.semiconductor|sector.ev_battery|strategy.active|asset.equity|region.domestic_kr,반도체|전기차/2차전지|액티브|주식|국내,,운용사|상품 설명·투자 목적|산업·국가 비중|분배 일정|실제 분배금 이력,,,,,
95,486240,DAISHIN343 AI반도체&인프라액티브,B,57,ready_core,준비도 B등급(57점),,FnGuide AI반도체&인프라 지수,,삼성전자 21.39%|SK하이닉스 15.87%|LS ELECTRIC 6.75%|피에스케이 5.27%|브이엠 5.18%|티에스이 4.9%|삼성전기 4.03%|효성중공업 3.9%|한화솔루션 3.42%|삼성SDI 3.13%,sector.semiconductor|sector.ai_power_infrastructure|strategy.active|asset.equity|region.domestic_kr,반도체|AI전력/인프라|액티브|주식|국내,sector.ai_power_infrastructure,운용사|상품 설명·투자 목적|산업·국가 비중|분배 일정|실제 분배금 이력,,,,,
96,487130,KoAct AI인프라액티브,B,57,ready_core,준비도 B등급(57점),,Solactive AI인프라 지수,,SK하이닉스 18.29%|삼성전자 11.97%|테스 9.12%|피에스케이 5.5%|LS ELECTRIC 5.11%|NAVER 4.22%|HD현대일렉트릭 3.93%|원익IPS 3.38%|삼성SDI 3.37%|삼성전기 3.08%,sector.semiconductor|sector.ai_power_infrastructure|strategy.active|asset.equity|region.domestic_kr,반도체|AI전력/인프라|액티브|주식|국내,sector.ai_power_infrastructure,운용사|상품 설명·투자 목적|산업·국가 비중|분배 일정|실제 분배금 이력,,,,,
97,488080,TIGER 반도체TOP10레버리지,B,57,ready_core,준비도 B등급(57점),,FnGuide 반도체TOP10 지수,,삼성전자 32.85%|SK하이닉스 30.69%|TIGER 반도체TOP10 27.61%|SK스퀘어 22.87%|DB하이텍 3.56%|한미반도체 3.39%|주성엔지니어링 2.14%|이수페타시스 2.05%|원익IPS 1.82%|리노공업 1.38%,strategy.leverage|sector.semiconductor|asset.equity|region.domestic_kr|strategy.passive_index,레버리지|반도체|주식|국내|지수추종(패시브),,운용사|상품 설명·투자 목적|산업·국가 비중|분배 일정|실제 분배금 이력,,,,,
98,489030,PLUS 고배당주위클리커버드콜,B,57,ready_core,준비도 B등급(57점),,코스피 고배당 위클리 콜매도 ATM 지수,,기업은행 4.95%|DB손해보험 4.91%|NH투자증권 4.87%|우리금융지주 4.63%|하나금융지주 4.26%|기아 4.25%|삼성카드 4.22%|제일기획 4%|삼성증권 3.83%|KT 3.69%,dividend.covered_call|dividend.korea_high_dividend|asset.equity|region.domestic_kr|strategy.passive_index,커버드콜 배당|한국 고배당|주식|국내|지수추종(패시브),,운용사|상품 설명·투자 목적|산업·국가 비중|분배 일정|실제 분배금 이력,,,,,
99,491510,파워 K-주주가치액티브,B,57,ready_core,준비도 B등급(57점),,FnGuide K-주주가치 지수,,기아 3.58%|삼성화재 3.08%|JB금융지주 2.98%|하나금융지주 2.96%|코리안리 2.82%|미스토홀딩스 2.75%|우리금융지주 2.65%|HMM 2.61%|DB손해보험 2.57%|F&F 2.52%,strategy.active|asset.equity|region.domestic_kr,액티브|주식|국내,,운용사|상품 설명·투자 목적|산업·국가 비중|분배 일정|실제 분배금 이력,,,,,
100,494220,UNICORN SK하이닉스밸류체인액티브,B,57,ready_core,준비도 B등급(57점),,FnGuide SK하이닉스밸류체인 지수,,SK하이닉스 20.61%|SK스퀘어 19.28%|피에스케이 5.81%|브이엠 5.56%|피에스케이홀딩스 5%|LG이노텍 4.05%|삼성전기 3.72%|샘씨엔에스 3.57%|티씨케이 3.53%|유진테크 3.5%,sector.semiconductor|strategy.active|asset.equity|region.domestic_kr,반도체|액티브|주식|국내,,운용사|상품 설명·투자 목적|산업·국가 비중|분배 일정|실제 분배금 이력,,,,,
101,494310,KODEX 반도체레버리지,B,57,ready_core,준비도 B등급(57점),,KRX 반도체,,SK하이닉스 45.6%|삼성전자 24.94%|KODEX 반도체 22.25%|한미반도체 3.01%|DB하이텍 2.94%|주성엔지니어링 2.94%|이오테크닉스 2.63%|심텍 2.33%|파두 2.22%|제주반도체 2.04%,strategy.leverage|sector.semiconductor|asset.equity|region.domestic_kr|strategy.passive_index,레버리지|반도체|주식|국내|지수추종(패시브),,운용사|상품 설명·투자 목적|산업·국가 비중|분배 일정|실제 분배금 이력,,,,,
102,494330,ACE 라이프자산주주가치액티브,B,57,ready_core,준비도 B등급(57점),,FnGuide 기업가치 지수(시장가격),,삼성전자 6.42%|한국금융지주 5.33%|DN오토모티브 4.08%|BNK금융지주 3.94%|한국전력 3.91%|코리안리 3.16%|GS 3%|우리금융지주 2.82%|하나금융지주 2.17%|팬오션 2.12%,strategy.active|asset.equity|region.domestic_kr,액티브|주식|국내,,운용사|상품 설명·투자 목적|산업·국가 비중|분배 일정|실제 분배금 이력,,,,,
103,494890,KODEX 200액티브,B,57,ready_core,준비도 B등급(57점),,코스피 200,,삼성전자 33.03%|SK하이닉스 27.95%|SK스퀘어 3.24%|삼성전기 2.13%|현대차 1.71%|KB금융 1.65%|신한지주 1.23%|기아 0.97%|삼성물산 0.96%|하나금융지주 0.91%,strategy.active|asset.equity|region.domestic_kr,액티브|주식|국내,,운용사|상품 설명·투자 목적|산업·국가 비중|분배 일정|실제 분배금 이력,,,,,
104,495060,TIME 코리아밸류업액티브,B,57,ready_core,준비도 B등급(57점),,코리아 밸류업 지수,,SK하이닉스 22.02%|삼성전자 18%|SK스퀘어 10.89%|KB금융 4.76%|신한지주 3.64%|한국금융지주 3.31%|하나금융지주 3%|한화에어로스페이스 2.88%|테스 2.7%|SK 2.45%,strategy.value_up|strategy.active|asset.equity|region.domestic_kr,밸류업|액티브|주식|국내,strategy.value_up,운용사|상품 설명·투자 목적|산업·국가 비중|분배 일정|실제 분배금 이력,,,,,
105,495230,KoAct 코리아밸류업액티브,B,57,ready_core,준비도 B등급(57점),,코리아 밸류업 지수,,SK하이닉스 23.29%|삼성전자 15.86%|KB금융 4.84%|SK 4.13%|SK스퀘어 3.83%|현대차 3.81%|현대모비스 3.61%|신한지주 3.09%|한화에어로스페이스 2.5%|하나금융지주 2.47%,strategy.value_up|strategy.active|asset.equity|region.domestic_kr,밸류업|액티브|주식|국내,strategy.value_up,운용사|상품 설명·투자 목적|산업·국가 비중|분배 일정|실제 분배금 이력,,,,,
106,496130,TRUSTON 코리아밸류업액티브,B,57,ready_core,준비도 B등급(57점),,코리아 밸류업 지수,,삼성전자 22.68%|SK하이닉스 18.82%|KB금융 3.69%|삼성증권 3.54%|삼성물산 3.33%|LS 3.27%|SK스퀘어 3.13%|CJ 3.02%|GS리테일 2.98%|삼성생명 2.95%,strategy.value_up|strategy.active|asset.equity|region.domestic_kr,밸류업|액티브|주식|국내,strategy.value_up,운용사|상품 설명·투자 목적|산업·국가 비중|분배 일정|실제 분배금 이력,,,,,
107,498050,HANARO 바이오코리아액티브,B,57,ready_core,준비도 B등급(57점),,iSelect K-바이오헬스케어,,에이비엘바이오 10.72%|리가켐바이오 7.98%|한올바이오파마 7.24%|에스티팜 5.65%|올릭스 4.76%|한미약품 4.7%|셀트리온 3.94%|알테오젠 3.9%|파마리서치 3.66%|엘앤씨바이오 3.61%,sector.healthcare_bio_pharma|strategy.active|asset.equity|region.domestic_kr,의료/제약/바이오|액티브|주식|국내,,운용사|상품 설명·투자 목적|산업·국가 비중|분배 일정|실제 분배금 이력,,,,,
108,498400,KODEX 200타겟위클리커버드콜,B,57,ready_core,준비도 B등급(57점),,코스피 200 타겟 15% 위클리 커버드콜 지수,,삼성전자 27.52%|SK하이닉스 23.74%|KODEX 200 15.01%|SK스퀘어 2.54%|삼성전기 1.71%|현대차 1.43%|KB금융 1.33%|신한지주 1.05%|기아 0.82%|삼성물산 0.82%,dividend.covered_call|asset.equity|region.domestic_kr|strategy.passive_index,커버드콜 배당|주식|국내|지수추종(패시브),,운용사|상품 설명·투자 목적|산업·국가 비중|분배 일정|실제 분배금 이력,,,,,
109,498410,KODEX 금융고배당TOP10타겟위클리커버드콜,B,57,ready_core,준비도 B등급(57점),,코스피 200 금융 고배당 TOP 10 타겟 15%분배 위클리 커버드콜 지수,,KB금융 21.77%|하나금융지주 14.49%|우리금융지주 11.65%|기업은행 9.48%|삼성화재 9.42%|KODEX 금융고배당TOP10 7.58%|DB손해보험 5.78%|한국금융지주 5.74%|NH투자증권 5.58%|삼성증권 3.81%,dividend.covered_call|sector.financials|dividend.korea_high_dividend|asset.equity|region.domestic_kr|strategy.passive_index,커버드콜 배당|금융|한국 고배당|주식|국내|지수추종(패시브),,운용사|상품 설명·투자 목적|산업·국가 비중|분배 일정|실제 분배금 이력,,,,,
110,140710,KODEX 운송,C,53,tag_gap,태그 공백 보완: 운송/물류,,KRX 운송,,현대글로비스 25.79%|대한항공 21.71%|HMM 15.41%|팬오션 11.2%|CJ대한통운 7.67%|아시아나항공 5.03%|롯데렌탈 4.25%|대한해운 3.02%|한진 1.38%|세방 1.15%,asset.equity|region.domestic_kr|strategy.passive_index|sector.transportation_logistics,주식|국내|지수추종(패시브)|운송/물류,,운용사|상품 설명·투자 목적|산업·국가 비중|분배 일정|실제 분배금 이력,,,,,
111,0000D0,TIGER 엔비디아미국채커버드콜밸런스(합성),C,50,tag_gap,"태그 공백 보완: 월배당, 국채, 채권",미래에셋자산운용(주),KEDI 엔비디아미국채30년타겟커버드콜혼합지수(TR),해외혼합형,,dividend.covered_call|dividend.monthly|asset.bond.government|asset.bond|region.us|strategy.passive_index,커버드콜 배당|월배당|국채|채권|미국|지수추종(패시브),,표준 KRX 코드|상품 설명·투자 목적|구성종목|산업·국가 비중|실제 분배금 이력,,,,,
112,117680,KODEX 철강,C,53,tag_gap,태그 공백 보완: 철강/금속,,KRX 철강,,POSCO홀딩스 23.32%|현대제철 20.08%|고려아연 18.65%|풍산 9.41%|세아베스틸지주 3.29%|에이치브이엠 3.14%|삼아알미늄 2.93%|동국제강 2.62%|풍산홀딩스 2.1%|포스코엠텍 2.04%,asset.equity|region.domestic_kr|strategy.passive_index|sector.steel_metals,주식|국내|지수추종(패시브)|철강/금속,sector.steel_metals,운용사|상품 설명·투자 목적|산업·국가 비중|분배 일정|실제 분배금 이력,,,,,
113,117700,KODEX 건설,C,53,tag_gap,태그 공백 보완: 건설,,KRX 건설,,삼성E&A 22.33%|현대건설 19.85%|대우건설 12.88%|GS건설 7.71%|한전기술 7.45%|DL이앤씨 7.23%|현대무벡스 4.85%|IPARK현대산업개발 2.5%|HDC 2.11%|성광벤드 1.78%,asset.equity|region.domestic_kr|strategy.passive_index|sector.construction,주식|국내|지수추종(패시브)|건설,sector.construction,운용사|상품 설명·투자 목적|산업·국가 비중|분배 일정|실제 분배금 이력,,,,,
114,211560,TIGER 배당성장,C,53,tag_gap,태그 공백 보완: 배당성장,,코스피 배당성장 50,,삼성카드 4.98%|DB손해보험 4.68%|JB금융지주 4.18%|BNK금융지주 3.95%|오리온홀딩스 3.71%|하나금융지주 3.4%|NH투자증권 3.35%|기아 3.33%|iM금융지주 3.25%|다우기술 3.24%,dividend.korea_high_dividend|asset.equity|region.domestic_kr|strategy.passive_index|dividend.dividend_growth,한국 고배당|주식|국내|지수추종(패시브)|배당성장,,운용사|상품 설명·투자 목적|산업·국가 비중|분배 일정|실제 분배금 이력,,,,,
115,226380,ACE Fn성장소비주도주,C,53,tag_gap,"태그 공백 보완: 화장품/뷰티, 필수소비재/식품",,FnGuide 성장소비주도 지수,,한국콜마 2.65%|아모레퍼시픽 2.29%|코스맥스 2.23%|시프트업 2.21%|롯데웰푸드 2.14%|동원산업 2.13%|데브시스터즈 2.11%|오리온홀딩스 2.1%|LG생활건강 2.1%|아모레퍼시픽홀딩스 2.07%,asset.equity|region.domestic_kr|strategy.passive_index|sector.beauty_cosmetics|sector.consumer_staples_food,주식|국내|지수추종(패시브)|화장품/뷰티|필수소비재/식품,sector.beauty_cosmetics|sector.consumer_staples_food,운용사|상품 설명·투자 목적|산업·국가 비중|분배 일정|실제 분배금 이력,,,,,
116,138540,TIGER 현대차그룹플러스,C,53,tag_gap,"태그 공백 보완: 경기소비재, 그룹주(계열사 집중)",,MKF 현대차그룹+ FW,,기아 27.26%|현대차 22.05%|현대모비스 15.06%|현대제철 8.89%|현대글로비스 6.9%|현대건설 4.04%|HD한국조선해양 3.62%|HD현대 2.4%|현대로템 1.87%|현대위아 1.75%,sector.consumer_discretionary|asset.equity|region.domestic_kr|strategy.passive_index|strategy.large_conglomerate_group,경기소비재|주식|국내|지수추종(패시브)|그룹주(계열사 집중),,운용사|상품 설명·투자 목적|산업·국가 비중|분배 일정|실제 분배금 이력,,,,,
117,174350,TIGER 로우볼,C,53,tag_gap,태그 공백 보완: 저변동성(로우볼),,FnGuide Low Vol 지수,,제일기획 3.46%|오뚜기 3.43%|KT&G 3.06%|LG유플러스 3.01%|삼성카드 2.96%|오리온홀딩스 2.86%|기업은행 2.85%|GS리테일 2.83%|코리안리 2.71%|하이트진로 2.7%,asset.equity|region.domestic_kr|strategy.passive_index|strategy.low_volatility,주식|국내|지수추종(패시브)|저변동성(로우볼),,운용사|상품 설명·투자 목적|산업·국가 비중|분배 일정|실제 분배금 이력,,,,,
118,433500,ACE 원자력TOP10,C,53,tag_gap,태그 공백 보완: 원전/원자력,,DeepSearch 원자력 TOP 10지수,,두산에너빌리티 25.2%|현대건설 20.66%|두산 11.54%|대우건설 10.32%|한전기술 7.86%|비에이치아이 7.49%|우리기술 6.96%|한전KPS 4.49%|삼성물산 2.29%|한국전력 2.29%,asset.equity|region.domestic_kr|strategy.passive_index|sector.nuclear_power,주식|국내|지수추종(패시브)|원전/원자력,,운용사|상품 설명·투자 목적|산업·국가 비중|분배 일정|실제 분배금 이력,,,,,
119,157490,TIGER 소프트웨어,C,53,tag_gap,태그 공백 보완: IT,,FnGuide 소프트웨어 지수,,NAVER 24.7%|카카오 19.78%|삼성에스디에스 12.74%|크래프톤 11.43%|NC 7.44%|LG씨엔에스 5.82%|현대오토에버 4.7%|펄어비스 2.31%|넷마블 2.05%|포스코DX 1.66%,sector.it|sector.game_entertainment_media|asset.equity|region.domestic_kr|strategy.passive_index,IT|게임/엔터/미디어|주식|국내|지수추종(패시브),sector.game_entertainment_media,운용사|상품 설명·투자 목적|산업·국가 비중|분배 일정|실제 분배금 이력,,,,,
120,0000Y0,HK 26-12 회사채(AA-이상)액티브,C,50,tag_gap,"태그 공백 보완: 만기매칭, 회사채",흥국자산운용(주),KAP 26-12 크레딧 채권 총수익지수(AA-이상),"국내채권형, 일반",,strategy.active|asset.bond.target_maturity|asset.bond|asset.bond.corporate|region.domestic_kr,액티브|만기매칭|채권|회사채|국내,,표준 KRX 코드|상품 설명·투자 목적|구성종목|산업·국가 비중|실제 분배금 이력,,,,,
121,329200,TIGER 리츠부동산인프라,C,53,tag_gap,태그 공백 보완: 리츠/부동산,,FnGuide 리츠부동산인프라,,SK리츠 15.85%|맥쿼리인프라 15.5%|KB발해인프라 12.02%|롯데리츠 9.34%|한화리츠 7.78%|ESR켄달스퀘어리츠 7.36%|신한알파리츠 5.85%|맵스리얼티 5.17%|삼성FN리츠 4.57%|코람코더원리츠 3.77%,asset.reit|region.domestic_kr|strategy.passive_index,리츠/부동산|국내|지수추종(패시브),,운용사|상품 설명·투자 목적|산업·국가 비중|분배 일정|실제 분배금 이력,,,,,
122,133690,TIGER 미국나스닥100,C,51,tag_gap,태그 공백 보완: 나스닥100,미래에셋자산운용(주),NASDAQ 100,"해외주식형, 시장대표",,strategy.benchmark.nasdaq100|region.us|asset.equity|strategy.passive_index,나스닥100|미국|주식|지수추종(패시브),,상품 설명·투자 목적|구성종목|산업·국가 비중|실제 분배금 이력,,,,,
123,150460,TIGER 중국소비테마,C,53,tag_gap,태그 공백 보완: 중국,,FnGuide 중국내수테마 지수,,한국콜마 5.95%|파마리서치 5.11%|코스맥스 4.94%|아모레퍼시픽 4.81%|LG생활건강 4.63%|롯데웰푸드 4.56%|미스토홀딩스 4.56%|클래시스 4.49%|CJ제일제당 4.36%|빙그레 4.35%,region.china|asset.equity|strategy.passive_index,중국|주식|지수추종(패시브),,운용사|상품 설명·투자 목적|산업·국가 비중|분배 일정|실제 분배금 이력,,,,,
124,364960,TIGER BBIG,C,53,low_confidence,"저신뢰 분류 3건: 전기차/2차전지, 의료/제약/바이오, 게임/엔터/미디어",,KRX BBIG 지수,,NC 10.89%|삼성SDI 10.67%|크래프톤 9.85%|알테오젠 8.6%|LG에너지솔루션 8.5%|셀트리온 8.49%|POSCO홀딩스 8.47%|삼성바이오로직스 8.15%|NAVER 8.03%|넷마블 6.81%,sector.ev_battery|sector.healthcare_bio_pharma|sector.game_entertainment_media|asset.equity|region.domestic_kr|strategy.passive_index,전기차/2차전지|의료/제약/바이오|게임/엔터/미디어|주식|국내|지수추종(패시브),sector.ev_battery|sector.healthcare_bio_pharma|sector.game_entertainment_media,운용사|상품 설명·투자 목적|산업·국가 비중|분배 일정|실제 분배금 이력,,,,,
125,0192T0,SOL 코스닥TOP10,C,48,low_confidence,"저신뢰 분류 3건: 의료/제약/바이오, 전기차/2차전지, 반도체",,코스닥 TOP 10 지수,,알테오젠 24.59%|에코프로 16.78%|에코프로비엠 13.21%|원익IPS 8.44%|리노공업 7.35%|에이비엘바이오 6.73%|레인보우로보틱스 6.65%|이오테크닉스 6.18%|HLB 6.17%|우리기술 3.46%,sector.healthcare_bio_pharma|sector.ev_battery|sector.semiconductor|asset.equity|region.domestic_kr|strategy.passive_index,의료/제약/바이오|전기차/2차전지|반도체|주식|국내|지수추종(패시브),sector.healthcare_bio_pharma|sector.ev_battery|sector.semiconductor,표준 KRX 코드|운용사|상품 설명·투자 목적|산업·국가 비중|분배 일정|실제 분배금 이력,,,,,
126,213610,KODEX 삼성그룹밸류,C,53,low_confidence,"저신뢰 분류 2건: 가치주, 그룹주(계열사 집중)",,WISE 삼성그룹 밸류 인덱스,,삼성전자 23.51%|삼성물산 8.15%|삼성생명 7.69%|삼성E&A 7.13%|삼성증권 5.81%|삼성바이오로직스 5.59%|삼성전기 5.56%|삼성화재 5.13%|삼성SDI 5.07%|에스원 4.68%,strategy.value|asset.equity|region.domestic_kr|strategy.passive_index|strategy.large_conglomerate_group,가치주|주식|국내|지수추종(패시브)|그룹주(계열사 집중),strategy.value|strategy.large_conglomerate_group,운용사|상품 설명·투자 목적|산업·국가 비중|분배 일정|실제 분배금 이력,,,,,
127,368190,HANARO Fn K-뉴딜디지털플러스,C,53,low_confidence,"저신뢰 분류 2건: 의료/제약/바이오, 전기차/2차전지",,FnGuide K-뉴딜 디지털 플러스 지수,,셀트리온 11.61%|삼성바이오로직스 9.97%|삼성SDI 9.76%|POSCO홀딩스 9.45%|LG에너지솔루션 9.36%|NAVER 9.22%|알테오젠 8.41%|LG화학 7.56%|카카오 6.96%|크래프톤 4.04%,sector.healthcare_bio_pharma|sector.ev_battery|asset.equity|region.domestic_kr|strategy.passive_index,의료/제약/바이오|전기차/2차전지|주식|국내|지수추종(패시브),sector.healthcare_bio_pharma|sector.ev_battery,운용사|상품 설명·투자 목적|산업·국가 비중|분배 일정|실제 분배금 이력,,,,,
128,368680,KODEX K-뉴딜디지털플러스,C,53,low_confidence,"저신뢰 분류 2건: 의료/제약/바이오, 전기차/2차전지",,FnGuide K-뉴딜 디지털 플러스 지수,,셀트리온 11.66%|삼성바이오로직스 10.08%|삼성SDI 9.74%|POSCO홀딩스 9.54%|LG에너지솔루션 9.46%|NAVER 9.3%|알테오젠 8.47%|LG화학 7.57%|카카오 7.01%|크래프톤 4.04%,sector.healthcare_bio_pharma|sector.ev_battery|asset.equity|region.domestic_kr|strategy.passive_index,의료/제약/바이오|전기차/2차전지|주식|국내|지수추종(패시브),sector.healthcare_bio_pharma|sector.ev_battery,운용사|상품 설명·투자 목적|산업·국가 비중|분배 일정|실제 분배금 이력,,,,,
129,381570,HANARO Fn친환경에너지,C,53,low_confidence,"저신뢰 분류 2건: 클린에너지, 전기차/2차전지",,FnGuide 친환경에너지 지수 (시장가격),,한화솔루션 11%|삼성SDI 10.59%|POSCO홀딩스 10.4%|LG에너지솔루션 10.4%|OCI홀딩스 8.81%|한화 7.95%|포스코인터내셔널 7.64%|서진시스템 5.94%|두산퓨얼셀 5.91%|솔브레인 4.3%,sector.clean_energy|sector.ev_battery|asset.equity|region.domestic_kr|strategy.passive_index,클린에너지|전기차/2차전지|주식|국내|지수추종(패시브),sector.clean_energy|sector.ev_battery,운용사|상품 설명·투자 목적|산업·국가 비중|분배 일정|실제 분배금 이력,,,,,
130,469790,KIWOOM 코리아테크TOP10,C,53,low_confidence,"저신뢰 분류 2건: 반도체, 테크/기술",,Solactive K-TechTOP10 Index(PR),,삼성전자 27.09%|SK하이닉스 26.7%|삼성전기 12.27%|크래프톤 6.24%|카카오 5.59%|NAVER 5.42%|한미반도체 4.92%|삼성에스디에스 4.29%|LG전자 4.28%|LG이노텍 3.05%,sector.semiconductor|sector.tech_general|asset.equity|region.domestic_kr|strategy.passive_index,반도체|테크/기술|주식|국내|지수추종(패시브),sector.semiconductor|sector.tech_general,운용사|상품 설명·투자 목적|산업·국가 비중|분배 일정|실제 분배금 이력,,,,,
131,0152E0,SOL 배당성향탑픽액티브,C,52,low_confidence,"저신뢰 분류 2건: 한국 고배당, 금융",,FnGuide 배당성향탑픽 지수(PR),,삼성화재 11.31%|우리금융지주 8.82%|DB손해보험 8.7%|BNK금융지주 7.66%|NH투자증권 7.49%|삼성증권 7.49%|케이카 6.48%|제일기획 5.41%|코리안리 5.17%|오리온홀딩스 4.24%,dividend.korea_high_dividend|sector.financials|strategy.active|asset.equity|region.domestic_kr,한국 고배당|금융|액티브|주식|국내,dividend.korea_high_dividend|sector.financials,표준 KRX 코드|운용사|상품 설명·투자 목적|산업·국가 비중|분배 일정|실제 분배금 이력,,,,,
132,102960,KODEX 기계장비,C,53,low_confidence,저신뢰 분류 1건: 조선/조선기자재,,KRX 기계장비,,두산에너빌리티 13.79%|HD현대일렉트릭 7.75%|LG에너지솔루션 7.09%|HD현대중공업 7.01%|HD한국조선해양 6.98%|삼성중공업 6.39%|LS ELECTRIC 6.28%|현대로템 5.47%|효성중공업 5.04%|한화오션 4.56%,asset.equity|region.domestic_kr|strategy.passive_index|sector.shipbuilding,주식|국내|지수추종(패시브)|조선/조선기자재,sector.shipbuilding,운용사|상품 설명·투자 목적|산업·국가 비중|분배 일정|실제 분배금 이력,,,,,
133,104530,KIWOOM 코리아고배당,C,53,low_confidence,저신뢰 분류 1건: 한국 고배당,,MKF 웰스 고배당20,,케이카 9.18%|현대엘리베이터 8.97%|한국쉘석유 6.55%|제일기획 6.04%|메가스터디교육 6.04%|한일시멘트 5.6%|서울보증보험 5.47%|삼성카드 5.39%|DB손해보험 5.31%|이노션 4.93%,dividend.korea_high_dividend|asset.equity|region.domestic_kr|strategy.passive_index,한국 고배당|주식|국내|지수추종(패시브),dividend.korea_high_dividend,운용사|상품 설명·투자 목적|산업·국가 비중|분배 일정|실제 분배금 이력,,,,,
134,117460,KODEX 에너지화학,C,53,low_confidence,저신뢰 분류 1건: 에너지/화학,,KRX 에너지화학,,LG화학 16.64%|HD현대 14.01%|SK이노베이션 12.88%|S-Oil 9.14%|한화솔루션 6.79%|OCI홀딩스 4.26%|한솔케미칼 4.05%|SKC 3.57%|KCC 2.74%|금호석유화학 2.69%,asset.equity|region.domestic_kr|strategy.passive_index|sector.energy_chemicals,주식|국내|지수추종(패시브)|에너지/화학,sector.energy_chemicals,운용사|상품 설명·투자 목적|산업·국가 비중|분배 일정|실제 분배금 이력,,,,,
135,145850,TREX 펀더멘탈 200,C,53,low_confidence,저신뢰 분류 1건: 가치주,,FnGuide-RAFI 코리아200 지수,,삼성전자 19.71%|SK하이닉스 4.71%|KB금융 4.07%|하나금융지주 3.57%|신한지주 3.45%|현대차 3.38%|기아 3.21%|우리금융지주 2.56%|POSCO홀딩스 2.39%|SK 1.64%,strategy.value|asset.equity|region.domestic_kr|strategy.passive_index,가치주|주식|국내|지수추종(패시브),strategy.value,운용사|상품 설명·투자 목적|산업·국가 비중|분배 일정|실제 분배금 이력,,,,,
136,192720,파워 고배당저변동성,C,53,low_confidence,저신뢰 분류 1건: 저변동성(로우볼),,코스피 200 고배당지수,,DB손해보험 3.37%|미스토홀딩스 3.14%|삼성카드 3.1%|기업은행 3.08%|JB금융지주 2.98%|제일기획 2.97%|강원랜드 2.87%|BNK금융지주 2.8%|LG유플러스 2.78%|우리금융지주 2.77%,dividend.korea_high_dividend|asset.equity|region.domestic_kr|strategy.passive_index|strategy.low_volatility,한국 고배당|주식|국내|지수추종(패시브)|저변동성(로우볼),strategy.low_volatility,운용사|상품 설명·투자 목적|산업·국가 비중|분배 일정|실제 분배금 이력,,,,,
137,227550,TIGER 200 산업재,C,53,low_confidence,저신뢰 분류 1건: 우주항공/방산,,코스피 200 산업재,,한화에어로스페이스 17.4%|LG에너지솔루션 12.8%|LS ELECTRIC 11.43%|한국항공우주 8%|LIG디펜스앤에어로스페이스 7.7%|현대글로비스 5.49%|대한항공 5.21%|HMM 4.82%|포스코퓨처엠 4.27%|LS 4.03%,sector.aerospace_defense|asset.equity|region.domestic_kr|strategy.passive_index,우주항공/방산|주식|국내|지수추종(패시브),sector.aerospace_defense,운용사|상품 설명·투자 목적|산업·국가 비중|분배 일정|실제 분배금 이력,,,,,
138,234310,RISE V&S셀렉트밸류,C,53,low_confidence,저신뢰 분류 1건: 가치주,,FnGuide 셀렉트 밸류 지수,,삼성전자 28.45%|메리츠금융지주 11.82%|현대모비스 4.34%|신한지주 3.76%|LG 3.14%|삼성SDI 3.06%|현대차2우B 2.25%|POSCO홀딩스 2.04%|BNK금융지주 1.92%|티앤엘 1.9%,strategy.value|asset.equity|region.domestic_kr|strategy.passive_index,가치주|주식|국내|지수추종(패시브),strategy.value,운용사|상품 설명·투자 목적|산업·국가 비중|분배 일정|실제 분배금 이력,,,,,
139,237350,KODEX 코스피100,C,53,low_confidence,저신뢰 분류 1건: 반도체,,코스피 100,,SK하이닉스 30.95%|삼성전자 30.13%|SK스퀘어 3.23%|삼성전기 2.16%|현대차 1.84%|KB금융 1.72%|신한지주 1.36%|기아 1.06%|삼성물산 1.05%|하나금융지주 1%,sector.semiconductor|asset.equity|region.domestic_kr|strategy.passive_index,반도체|주식|국내|지수추종(패시브),sector.semiconductor,운용사|상품 설명·투자 목적|산업·국가 비중|분배 일정|실제 분배금 이력,,,,,
140,266160,RISE 고배당,C,53,low_confidence,저신뢰 분류 1건: 한국 고배당,,FnGuide 고배당포커스 지수,,SK하이닉스 26.3%|삼성전자 24.43%|기아 7.1%|KB금융 4.74%|신한지주 3.57%|현대차 3.22%|하나금융지주 3.13%|우리금융지주 2.5%|삼성화재 2.24%|기업은행 2.12%,dividend.korea_high_dividend|asset.equity|region.domestic_kr|strategy.passive_index,한국 고배당|주식|국내|지수추종(패시브),dividend.korea_high_dividend,운용사|상품 설명·투자 목적|산업·국가 비중|분배 일정|실제 분배금 이력,,,,,
141,266550,PLUS 중형주저변동50,C,53,low_confidence,저신뢰 분류 1건: 저변동성(로우볼),,FnGuide 중형주저변동50지수,,iM금융지주 3.1%|한국콜마 3.03%|오리온 2.99%|CJ제일제당 2.96%|강원랜드 2.95%|제일기획 2.87%|코리안리 2.84%|JB금융지주 2.68%|이노션 2.66%|에스원 2.65%,asset.equity|region.domestic_kr|strategy.passive_index|strategy.low_volatility,주식|국내|지수추종(패시브)|저변동성(로우볼),strategy.low_volatility,운용사|상품 설명·투자 목적|산업·국가 비중|분배 일정|실제 분배금 이력,,,,,
142,275290,KODEX 가치주,C,53,low_confidence,저신뢰 분류 1건: 가치주,,MSCI Korea IMI Enhanced Value Capped,,SK하이닉스 22%|삼성전자 19.45%|SK스퀘어 12.18%|기아 4.36%|BNK금융지주 3.52%|삼성전자우 3.33%|SK 2.28%|iM금융지주 2.14%|HMM 1.72%|현대해상 1.64%,strategy.value|asset.equity|region.domestic_kr|strategy.passive_index,가치주|주식|국내|지수추종(패시브),strategy.value,운용사|상품 설명·투자 목적|산업·국가 비중|분배 일정|실제 분배금 이력,,,,,
143,279540,KODEX 최소변동성,C,53,low_confidence,저신뢰 분류 1건: 저변동성(로우볼),,KRX 최소변동성지수,,삼성전자 12.5%|SK하이닉스 9.95%|삼성전기 7.14%|삼성SDI 6.06%|LG이노텍 3.82%|S-Oil 3.04%|BNK금융지주 2.58%|한국항공우주 2.54%|메리츠금융지주 2.44%|유한양행 2.34%,asset.equity|region.domestic_kr|strategy.passive_index|strategy.low_volatility,주식|국내|지수추종(패시브)|저변동성(로우볼),strategy.low_volatility,운용사|상품 설명·투자 목적|산업·국가 비중|분배 일정|실제 분배금 이력,,,,,
144,315960,RISE 대형고배당10TR,C,53,low_confidence,저신뢰 분류 1건: 한국 고배당,,WISE 대형고배당10 TR 지수,,SK하이닉스 27.13%|삼성전자 25.14%|현대차 10.41%|KB금융 7.95%|삼성생명 7.47%|기아 6.41%|신한지주 5.9%|하나금융지주 4.17%|POSCO홀딩스 2.79%|우리금융지주 2.62%,dividend.korea_high_dividend|asset.equity|region.domestic_kr|strategy.passive_index,한국 고배당|주식|국내|지수추종(패시브),dividend.korea_high_dividend,운용사|상품 설명·투자 목적|산업·국가 비중|분배 일정|실제 분배금 이력,,,,,
145,325020,KODEX 배당가치,C,53,low_confidence,저신뢰 분류 1건: 가치주,,FnGuide SLV 배당가치 지수,,삼성전자 17.66%|KB금융 8.92%|신한지주 6.35%|기아 5.48%|하나금융지주 5%|셀트리온 4.08%|우리금융지주 3.22%|POSCO홀딩스 3.12%|SK 3.06%|삼성화재 2.96%,dividend.korea_high_dividend|strategy.value|asset.equity|region.domestic_kr|strategy.passive_index,한국 고배당|가치주|주식|국내|지수추종(패시브),strategy.value,운용사|상품 설명·투자 목적|산업·국가 비중|분배 일정|실제 분배금 이력,,,,,
146,367740,HANARO Fn5G산업,C,53,low_confidence,저신뢰 분류 1건: 반도체,,FnGuide 5G 산업 지수,,KT 9.39%|SK텔레콤 8.65%|삼성SDI 8.47%|삼성전자 8.04%|한미반도체 7.88%|삼성전기 6.88%|이수페타시스 6.83%|SK하이닉스 6.42%|삼성에스디에스 6.33%|원익IPS 5.03%,sector.semiconductor|asset.equity|region.domestic_kr|strategy.passive_index,반도체|주식|국내|지수추종(패시브),sector.semiconductor,운용사|상품 설명·투자 목적|산업·국가 비중|분배 일정|실제 분배금 이력,,,,,
147,367770,RISE 수소경제테마,C,53,low_confidence,저신뢰 분류 1건: 클린에너지,,FnGuide 수소 경제 테마 지수,,한화에어로스페이스 16.41%|현대모비스 14.8%|두산에너빌리티 14.8%|현대차 13.31%|POSCO홀딩스 10.17%|LS ELECTRIC 7.4%|효성중공업 7.13%|두산 4.45%|포스코퓨처엠 2.56%|한화솔루션 2.22%,sector.clean_energy|asset.equity|region.domestic_kr|strategy.passive_index,클린에너지|주식|국내|지수추종(패시브),sector.clean_energy,운용사|상품 설명·투자 목적|산업·국가 비중|분배 일정|실제 분배금 이력,,,,,
148,375760,HANARO 탄소효율그린뉴딜,C,53,low_confidence,저신뢰 분류 1건: ESG/탄소효율,,KRX/S&P 탄소효율 그린뉴딜지수,,삼성전자 27.76%|SK하이닉스 21.96%|SK스퀘어 3.45%|KB금융 1.79%|현대차 1.78%|신한지주 1.64%|두산에너빌리티 1.49%|하나금융지주 1.24%|한화에어로스페이스 1.2%|기아 1.2%,asset.equity|region.domestic_kr|strategy.passive_index|strategy.esg_screening,주식|국내|지수추종(패시브)|ESG/탄소효율,strategy.esg_screening,운용사|상품 설명·투자 목적|산업·국가 비중|분배 일정|실제 분배금 이력,,,,,
149,375770,KODEX 탄소효율그린뉴딜,C,53,low_confidence,저신뢰 분류 1건: ESG/탄소효율,,KRX/S&P 탄소효율 그린뉴딜지수,,삼성전자 27.27%|SK하이닉스 21.58%|SK스퀘어 3.41%|KB금융 1.76%|현대차 1.76%|신한지주 1.61%|두산에너빌리티 1.46%|하나금융지주 1.25%|한화에어로스페이스 1.18%|기아 1.18%,asset.equity|region.domestic_kr|strategy.passive_index|strategy.esg_screening,주식|국내|지수추종(패시브)|ESG/탄소효율,strategy.esg_screening,운용사|상품 설명·투자 목적|산업·국가 비중|분배 일정|실제 분배금 이력,,,,,
150,376410,TIGER 탄소효율그린뉴딜,C,53,low_confidence,저신뢰 분류 1건: ESG/탄소효율,,KRX/S&P 탄소효율 그린뉴딜지수,,삼성전자 27%|SK하이닉스 21.36%|SK스퀘어 3.35%|KB금융 1.75%|현대차 1.74%|신한지주 1.59%|두산에너빌리티 1.45%|하나금융지주 1.25%|기아 1.16%|한화에어로스페이스 1.16%,asset.equity|region.domestic_kr|strategy.passive_index|strategy.esg_screening,주식|국내|지수추종(패시브)|ESG/탄소효율,strategy.esg_screening,운용사|상품 설명·투자 목적|산업·국가 비중|분배 일정|실제 분배금 이력,,,,,
151,380340,ACE 코리아AI테크핵심산업,C,53,low_confidence,저신뢰 분류 1건: IT,,FnGuide 코리아AI테크핵심산업지수 (Price Return),,NAVER 22.16%|삼성전기 18.85%|LG이노텍 13.73%|삼성에스디에스 10.28%|SK하이닉스 8.02%|삼성전자 7.74%|대덕전자 5.02%|LG씨엔에스 4.42%|현대오토에버 3.79%|대한광통신 2.05%,sector.semiconductor|sector.it|asset.equity|region.domestic_kr|strategy.passive_index,반도체|IT|주식|국내|지수추종(패시브),sector.it,운용사|상품 설명·투자 목적|산업·국가 비중|분배 일정|실제 분배금 이력,,,,,
152,401170,RISE 메타버스,C,53,low_confidence,저신뢰 분류 1건: 게임/엔터/미디어,,iSelect 메타버스 지수(시장가격지수),,크래프톤 11.89%|NC 11.28%|하이브 11.2%|카카오 10.51%|NAVER 9.48%|LG디스플레이 9.1%|삼성전기 7.91%|LG이노텍 6.66%|JYP Ent. 4.29%|펄어비스 4.14%,sector.game_entertainment_media|asset.equity|region.domestic_kr|strategy.passive_index,게임/엔터/미디어|주식|국내|지수추종(패시브),sector.game_entertainment_media,운용사|상품 설명·투자 목적|산업·국가 비중|분배 일정|실제 분배금 이력,,,,,
153,404260,KODEX 기후변화솔루션,C,53,low_confidence,저신뢰 분류 1건: 클린에너지,,KRX 기후변화 솔루션지수,,씨에스윈드 9.17%|한화솔루션 8.2%|삼성SDI 7.93%|SK하이닉스 7.85%|삼성전자 7.64%|한화 7.05%|현대차 6.69%|포스코DX 6.21%|두산퓨얼셀 5.71%|SK오션플랜트 5.27%,sector.clean_energy|asset.equity|region.domestic_kr|strategy.passive_index,클린에너지|주식|국내|지수추종(패시브),sector.clean_energy,운용사|상품 설명·투자 목적|산업·국가 비중|분배 일정|실제 분배금 이력,,,,,
154,404540,TIGER KRX기후변화솔루션,C,53,low_confidence,저신뢰 분류 1건: 클린에너지,,KRX 기후변화 솔루션지수,,씨에스윈드 9.19%|한화솔루션 8.05%|삼성SDI 7.96%|SK하이닉스 7.95%|삼성전자 7.67%|한화 7.07%|현대차 6.69%|포스코DX 6.23%|두산퓨얼셀 5.72%|SK오션플랜트 5.28%,sector.clean_energy|asset.equity|region.domestic_kr|strategy.passive_index,클린에너지|주식|국내|지수추종(패시브),sector.clean_energy,운용사|상품 설명·투자 목적|산업·국가 비중|분배 일정|실제 분배금 이력,,,,,
155,404650,SOL KRX기후변화솔루션,C,53,low_confidence,저신뢰 분류 1건: 클린에너지,,KRX 기후변화 솔루션지수,,씨에스윈드 9.18%|한화솔루션 8.26%|삼성SDI 7.95%|SK하이닉스 7.93%|삼성전자 7.66%|한화 7.06%|현대차 6.69%|포스코DX 6.22%|두산퓨얼셀 5.72%|SK오션플랜트 5.28%,sector.clean_energy|asset.equity|region.domestic_kr|strategy.passive_index,클린에너지|주식|국내|지수추종(패시브),sector.clean_energy,운용사|상품 설명·투자 목적|산업·국가 비중|분배 일정|실제 분배금 이력,,,,,
156,457990,PLUS 태양광&ESS,C,53,low_confidence,저신뢰 분류 1건: 전기차/2차전지,,FnGuide 태양광 & ESS 지수,,한화솔루션 25.76%|OCI홀딩스 16.44%|HD현대에너지솔루션 13.41%|삼성SDI 10.05%|LG에너지솔루션 8.72%|LS ELECTRIC 7.21%|SK이터닉스 6.75%|레이크머티리얼즈 4.47%|에코프로비엠 3.98%|포스코퓨처엠 3.14%,sector.clean_energy|sector.ev_battery|asset.equity|region.domestic_kr|strategy.passive_index,클린에너지|전기차/2차전지|주식|국내|지수추종(패시브),sector.ev_battery,운용사|상품 설명·투자 목적|산업·국가 비중|분배 일정|실제 분배금 이력,,,,,
157,464600,SOL 자동차소부장Fn,C,53,low_confidence,저신뢰 분류 1건: 경기소비재,,FnGuide 자동차소부장지수(PR),,현대모비스 11.05%|LG전자 10.7%|삼성전기 9.2%|현대오토에버 8.3%|LG이노텍 7.81%|한온시스템 7.05%|HL만도 6.32%|고영 5.76%|삼성전자 5.43%|현대위아 3.86%,sector.consumer_discretionary|asset.equity|region.domestic_kr|strategy.passive_index,경기소비재|주식|국내|지수추종(패시브),sector.consumer_discretionary,운용사|상품 설명·투자 목적|산업·국가 비중|분배 일정|실제 분배금 이력,,,,,
158,469070,RISE AI&로봇,C,53,low_confidence,저신뢰 분류 1건: 휴머노이드로봇/로보틱스,,iSelect AI&로봇 지수(시장가격),,NAVER 6.6%|LG전자 5.81%|LG씨엔에스 5.77%|로보티즈 5.67%|레인보우로보틱스 5.38%|현대차 5.23%|두산로보틱스 5.05%|현대모비스 4.67%|HL만도 4.66%|에스피지 3.63%,asset.equity|region.domestic_kr|strategy.passive_index|sector.robotics,주식|국내|지수추종(패시브)|휴머노이드로봇/로보틱스,sector.robotics,운용사|상품 설명·투자 목적|산업·국가 비중|분배 일정|실제 분배금 이력,,,,,
159,484880,SOL 금융지주플러스고배당,C,53,low_confidence,저신뢰 분류 1건: 한국 고배당,,FnGuide 금융지주플러스고배당 지수(PR),,KB금융 22.28%|신한지주 20.95%|하나금융지주 19.71%|우리금융지주 14.54%|한국금융지주 6.99%|NH투자증권 4.29%|BNK금융지주 3.73%|JB금융지주 3.2%|메리츠금융지주 2.46%|iM금융지주 1.86%,sector.financials|dividend.korea_high_dividend|asset.equity|region.domestic_kr|strategy.passive_index,금융|한국 고배당|주식|국내|지수추종(패시브),dividend.korea_high_dividend,운용사|상품 설명·투자 목적|산업·국가 비중|분배 일정|실제 분배금 이력,,,,,
160,491820,HANARO 전력설비투자,C,53,low_confidence,저신뢰 분류 1건: AI전력/인프라,,iSelect 전력설비투자 지수,,효성중공업 20.14%|LS ELECTRIC 19.66%|HD현대일렉트릭 18.66%|LS 13.18%|대한전선 8.29%|산일전기 5.76%|일진전기 3.75%|가온전선 3.61%|대원전선 1.53%|LS에코에너지 1.22%,sector.ai_power_infrastructure|asset.equity|region.domestic_kr|strategy.passive_index,AI전력/인프라|주식|국내|지수추종(패시브),sector.ai_power_infrastructure,운용사|상품 설명·투자 목적|산업·국가 비중|분배 일정|실제 분배금 이력,,,,,
161,0104P0,TIGER 코리아배당다우존스위클리커버드콜,C,52,low_confidence,저신뢰 분류 1건: 한국 고배당,,KRX 다우존스 코리아 배당 30 타겟 7% 위클리 커버드콜 지수,,JB금융지주 4.7%|미스토홀딩스 4.56%|하나금융지주 4.53%|DB손해보험 4.37%|영원무역 4.31%|BNK금융지주 4.23%|우리금융지주 4.17%|기업은행 4.16%|한국타이어앤테크놀로지 3.99%|삼성화재 3.98%,dividend.covered_call|dividend.korea_high_dividend|region.us|asset.equity|strategy.passive_index,커버드콜 배당|한국 고배당|미국|주식|지수추종(패시브),dividend.korea_high_dividend,표준 KRX 코드|운용사|상품 설명·투자 목적|산업·국가 비중|분배 일정|실제 분배금 이력,,,,,
162,0151P0,RISE 코리아전략산업액티브,C,52,low_confidence,저신뢰 분류 1건: 반도체,,KAP 코리아전략산업지수,,삼성전자 30.25%|SK하이닉스 19.55%|테스 6.02%|브이엠 5.42%|SK스퀘어 4.05%|LS 3.88%|삼성전기 3.66%|LS ELECTRIC 3.27%|효성중공업 3.1%|현대모비스 3.02%,sector.semiconductor|strategy.active|asset.equity|region.domestic_kr,반도체|액티브|주식|국내,sector.semiconductor,표준 KRX 코드|운용사|상품 설명·투자 목적|산업·국가 비중|분배 일정|실제 분배금 이력,,,,,
163,0162Y0,TIME 코스닥액티브,C,52,low_confidence,저신뢰 분류 1건: 반도체,,코스닥,,인텍플러스 8.26%|테스 8.05%|주성엔지니어링 4.73%|알테오젠 3.94%|피에스케이 3.7%|파마리서치 2.94%|심텍 2.72%|피에스케이홀딩스 2.49%|기가비스 2.47%|엘앤씨바이오 2.45%,sector.semiconductor|strategy.active|asset.equity|region.domestic_kr,반도체|액티브|주식|국내,sector.semiconductor,표준 KRX 코드|운용사|상품 설명·투자 목적|산업·국가 비중|분배 일정|실제 분배금 이력,,,,,
164,0163Y0,KoAct 코스닥액티브,C,52,low_confidence,저신뢰 분류 1건: 반도체,,코스닥,,테스 10.02%|리노공업 6.16%|피에스케이홀딩스 3.99%|심텍 3.89%|알테오젠 3.87%|성호전자 3.2%|티엘비 3.17%|파마리서치 3.12%|코미코 2.92%|피에스케이 2.69%,sector.semiconductor|strategy.active|asset.equity|region.domestic_kr,반도체|액티브|주식|국내,sector.semiconductor,표준 KRX 코드|운용사|상품 설명·투자 목적|산업·국가 비중|분배 일정|실제 분배금 이력,,,,,
165,0166S0,PLUS K제조업핵심기업액티브,C,52,low_confidence,저신뢰 분류 1건: 반도체,,Akros K제조업 50 지수,,삼성전자 25.39%|SK하이닉스 23.43%|삼성전자우 5.67%|SK스퀘어 4.49%|삼성물산 4.19%|PLUS 코스피50 3.94%|LS 3.63%|한화오션 3.1%|LG에너지솔루션 3.02%|두산에너빌리티 2.36%,sector.semiconductor|strategy.active|asset.equity|region.domestic_kr,반도체|액티브|주식|국내,sector.semiconductor,표준 KRX 코드|운용사|상품 설명·투자 목적|산업·국가 비중|분배 일정|실제 분배금 이력,,,,,
166,0191B0,MIDAS 코스닥액티브,C,52,low_confidence,저신뢰 분류 1건: 반도체,,코스닥,,브이엠 7.76%|테스 7.5%|인텍플러스 6.97%|피에스케이 4.87%|기가비스 4.81%|엘티씨 4.49%|알테오젠 4.18%|심텍 3.85%|네오티스 3.39%|티엘비 2.7%,sector.semiconductor|strategy.active|asset.equity|region.domestic_kr,반도체|액티브|주식|국내,sector.semiconductor,표준 KRX 코드|운용사|상품 설명·투자 목적|산업·국가 비중|분배 일정|실제 분배금 이력,,,,,
167,0192M0,RISE 삼성전자단일종목레버리지,C,52,low_confidence,저신뢰 분류 1건: 반도체,,KRX 삼성전자 지수,,삼성전자 68.68%,strategy.leverage|sector.semiconductor|asset.equity|region.domestic_kr|strategy.passive_index,레버리지|반도체|주식|국내|지수추종(패시브),sector.semiconductor,표준 KRX 코드|운용사|상품 설명·투자 목적|산업·국가 비중|분배 일정|실제 분배금 이력,,,,,
168,0193G0,KoAct 코스피액티브,C,52,low_confidence,저신뢰 분류 1건: 반도체,,코스피,,삼성전자 30.28%|SK하이닉스 23.91%|SK스퀘어 4.65%|KB금융 4.21%|LG에너지솔루션 2.55%|삼성전기 2.43%|HD현대중공업 2.07%|현대차 1.78%|삼성생명 1.77%|삼성물산 1.62%,sector.semiconductor|strategy.active|asset.equity|region.domestic_kr,반도체|액티브|주식|국내,sector.semiconductor,표준 KRX 코드|운용사|상품 설명·투자 목적|산업·국가 비중|분배 일정|실제 분배금 이력,,,,,
169,0193K0,PLUS 삼성전자단일종목레버리지,C,52,low_confidence,저신뢰 분류 1건: 반도체,,KRX 삼성전자 지수,,삼성전자 85.65%|RISE 삼성전자단일종목레버리지 8.33%|TIGER 삼성전자단일종목레버리지 4.55%,strategy.leverage|sector.semiconductor|asset.equity|region.domestic_kr|strategy.passive_index,레버리지|반도체|주식|국내|지수추종(패시브),sector.semiconductor,표준 KRX 코드|운용사|상품 설명·투자 목적|산업·국가 비중|분배 일정|실제 분배금 이력,,,,,
170,0193W0,KODEX 삼성전자단일종목레버리지,C,52,low_confidence,저신뢰 분류 1건: 반도체,,KRX 삼성전자 지수,,삼성전자 90.87%,strategy.leverage|sector.semiconductor|asset.equity|region.domestic_kr|strategy.passive_index,레버리지|반도체|주식|국내|지수추종(패시브),sector.semiconductor,표준 KRX 코드|운용사|상품 설명·투자 목적|산업·국가 비중|분배 일정|실제 분배금 이력,,,,,
171,0194M0,ACE 삼성전자단일종목레버리지,C,52,low_confidence,저신뢰 분류 1건: 반도체,,KRX 삼성전자 지수,,삼성전자 71.3%|RISE 삼성전자단일종목레버리지 11.34%,strategy.leverage|sector.semiconductor|asset.equity|region.domestic_kr|strategy.passive_index,레버리지|반도체|주식|국내|지수추종(패시브),sector.semiconductor,표준 KRX 코드|운용사|상품 설명·투자 목적|산업·국가 비중|분배 일정|실제 분배금 이력,,,,,
172,0194N0,KIWOOM 삼성전자선물단일종목레버리지,C,52,low_confidence,저신뢰 분류 1건: 반도체,,KRX 삼성전자 선물 지수,,삼성전자 17.23%,strategy.leverage|sector.semiconductor|asset.equity|region.domestic_kr|strategy.passive_index,레버리지|반도체|주식|국내|지수추종(패시브),sector.semiconductor,표준 KRX 코드|운용사|상품 설명·투자 목적|산업·국가 비중|분배 일정|실제 분배금 이력,,,,,
173,0194R0,KIWOOM SK하이닉스선물단일종목레버리지,C,52,low_confidence,저신뢰 분류 1건: 반도체,,KRX SK하이닉스 선물 지수,,SK하이닉스 14.45%,strategy.leverage|sector.semiconductor|asset.equity|region.domestic_kr|strategy.passive_index,레버리지|반도체|주식|국내|지수추종(패시브),sector.semiconductor,표준 KRX 코드|운용사|상품 설명·투자 목적|산업·국가 비중|분배 일정|실제 분배금 이력,,,,,
174,0195R0,TIGER 삼성전자단일종목레버리지,C,52,low_confidence,저신뢰 분류 1건: 반도체,,KRX 삼성전자 지수,,삼성전자 76.06%,strategy.leverage|sector.semiconductor|asset.equity|region.domestic_kr|strategy.passive_index,레버리지|반도체|주식|국내|지수추종(패시브),sector.semiconductor,표준 KRX 코드|운용사|상품 설명·투자 목적|산업·국가 비중|분배 일정|실제 분배금 이력,,,,,
175,0198B0,1Q 삼성전자선물단일종목레버리지,C,52,low_confidence,저신뢰 분류 1건: 반도체,,KRX 삼성전자 선물 지수,,삼성전자 31.93%,strategy.leverage|sector.semiconductor|asset.equity|region.domestic_kr|strategy.passive_index,레버리지|반도체|주식|국내|지수추종(패시브),sector.semiconductor,표준 KRX 코드|운용사|상품 설명·투자 목적|산업·국가 비중|분배 일정|실제 분배금 이력,,,,,
176,0198D0,1Q SK하이닉스선물단일종목레버리지,C,52,low_confidence,저신뢰 분류 1건: 반도체,,KRX SK하이닉스 선물 지수,,SK하이닉스 28.61%,strategy.leverage|sector.semiconductor|asset.equity|region.domestic_kr|strategy.passive_index,레버리지|반도체|주식|국내|지수추종(패시브),sector.semiconductor,표준 KRX 코드|운용사|상품 설명·투자 목적|산업·국가 비중|분배 일정|실제 분배금 이력,,,,,
177,0199C0,ACE 고배당주Plus커버드콜액티브,C,52,low_confidence,저신뢰 분류 1건: 금융,,KRX-Akros 고배당주 20 위클리 고정 30% 커버드콜 지수,,삼성전자 8.85%|SK하이닉스 8.79%|삼성화재 6.48%|한국타이어앤테크놀로지 6.38%|코리안리 5.15%|삼성증권 5.14%|KB금융 4.78%|DB손해보험 4.68%|한국앤컴퍼니 4.62%|JB금융지주 4.57%,dividend.covered_call|dividend.korea_high_dividend|sector.financials|strategy.active|asset.equity|region.domestic_kr,커버드콜 배당|한국 고배당|금융|액티브|주식|국내,sector.financials,표준 KRX 코드|운용사|상품 설명·투자 목적|산업·국가 비중|분배 일정|실제 분배금 이력,,,,,
178,0098N0,PLUS 자사주매입고배당주,C,48,low_confidence,저신뢰 분류 1건: 금융,,FnGuide 고배당주 플러스 자사주 지수 (PR),,KB금융 5.69%|메리츠금융지주 5.6%|신한지주 5.18%|미스토홀딩스 5.06%|HMM 5.02%|하나금융지주 4.89%|JB금융지주 4.27%|우리금융지주 4.16%|KT&G 4.13%|기아 3.96%,dividend.korea_high_dividend|sector.financials|asset.equity|region.domestic_kr|strategy.passive_index,한국 고배당|금융|주식|국내|지수추종(패시브),sector.financials,표준 KRX 코드|운용사|상품 설명·투자 목적|산업·국가 비중|분배 일정|실제 분배금 이력,,,,,
179,0103T0,1Q K소버린AI,C,48,low_confidence,저신뢰 분류 1건: IT,,iSelect K소버린AI 지수,,NAVER 28.65%|카카오 23.86%|삼성에스디에스 15.33%|LG씨엔에스 6.76%|현대오토에버 6.15%|NHN 2.37%|플리토 2.24%|우리기술투자 2.13%|한글과컴퓨터 2.07%|포스코DX 2.04%,sector.it|asset.equity|region.domestic_kr|strategy.passive_index,IT|주식|국내|지수추종(패시브),sector.it,표준 KRX 코드|운용사|상품 설명·투자 목적|산업·국가 비중|분배 일정|실제 분배금 이력,,,,,
180,0111J0,HANARO 증권고배당TOP3플러스,C,48,low_confidence,저신뢰 분류 1건: 한국 고배당,,FnGuide 증권 고배당 TOP3 플러스 지수,,한국금융지주 21.87%|키움증권 20.09%|미래에셋증권 16.61%|NH투자증권 15.89%|삼성증권 15.49%|신영증권 4.43%|대신증권 2.29%|유안타증권 1.51%|유진투자증권 0.73%|DB증권 0.7%,sector.financials|dividend.korea_high_dividend|asset.equity|region.domestic_kr|strategy.passive_index,금융|한국 고배당|주식|국내|지수추종(패시브),dividend.korea_high_dividend,표준 KRX 코드|운용사|상품 설명·투자 목적|산업·국가 비중|분배 일정|실제 분배금 이력,,,,,
181,0115E0,KODEX 코리아소버린AI,C,48,low_confidence,저신뢰 분류 1건: IT,,KRX 코리아 소버린 AI 지수,,NAVER 22.67%|SK텔레콤 7.88%|NHN 6.1%|LG씨엔에스 5.97%|한글과컴퓨터 4.63%|SK하이닉스 4.49%|LG유플러스 4.19%|삼성전자 4.14%|LS ELECTRIC 3.7%|삼성에스디에스 3.44%,sector.it|asset.equity|region.domestic_kr|strategy.passive_index,IT|주식|국내|지수추종(패시브),sector.it,표준 KRX 코드|운용사|상품 설명·투자 목적|산업·국가 비중|분배 일정|실제 분배금 이력,,,,,
182,0120J0,BNK 카카오그룹포커스,C,48,low_confidence,저신뢰 분류 1건: 게임/엔터/미디어,,FnGuide 카카오그룹 포커스 지수,,카카오뱅크 24.95%|카카오 17.79%|카카오페이 17.51%|에스엠 14.36%|KB금융 7.16%|카카오게임즈 5.84%|디어유 4.29%|NAVER 2.99%|SM C&C 1.09%|크래프톤 0.96%,sector.game_entertainment_media|asset.equity|region.domestic_kr|strategy.passive_index,게임/엔터/미디어|주식|국내|지수추종(패시브),sector.game_entertainment_media,표준 KRX 코드|운용사|상품 설명·투자 목적|산업·국가 비중|분배 일정|실제 분배금 이력,,,,,
183,0153K0,KODEX 주주환원고배당주,C,48,low_confidence,저신뢰 분류 1건: 금융,,Akros 주주환원 고배당 지수 (Price Return),,미스토홀딩스 8.86%|KB금융 8.42%|하나금융지주 8.32%|신한지주 7.84%|우리금융지주 7.76%|KT&G 7.55%|JB금융지주 6.76%|KT 5.48%|제일기획 4.4%|BNK금융지주 4.27%,dividend.korea_high_dividend|sector.financials|asset.equity|region.domestic_kr|strategy.passive_index,한국 고배당|금융|주식|국내|지수추종(패시브),sector.financials,표준 KRX 코드|운용사|상품 설명·투자 목적|산업·국가 비중|분배 일정|실제 분배금 이력,,,,,
184,0190C0,RISE 현대차고정피지컬AI,C,48,low_confidence,저신뢰 분류 1건: 휴머노이드로봇/로보틱스,,KEDI 현대차고정피지컬AI 지수,,현대차 23.83%|현대모비스 17.92%|기아 15.14%|LG이노텍 11.93%|현대오토에버 7.4%|레인보우로보틱스 6.16%|LG씨엔에스 5.08%|두산로보틱스 3.14%|로보티즈 2.31%|에스엘 1.93%,asset.equity|region.domestic_kr|strategy.passive_index|sector.robotics,주식|국내|지수추종(패시브)|휴머노이드로봇/로보틱스,sector.robotics,표준 KRX 코드|운용사|상품 설명·투자 목적|산업·국가 비중|분배 일정|실제 분배금 이력,,,,,
185,0049K0,ACE 미국배당퀄리티채권혼합50,C,46,diversity_boundary,희소·경계 사례: 현재 태그 4개|B등급 경계와의 거리 9점,한국투자신탁운용,Bloomberg WisdomTree U.S. Quality Dividend & Short Term KRW Bonds 50:50 TR Index,해외혼합형,,dividend.monthly|asset.bond|region.us|strategy.passive_index,월배당|채권|미국|지수추종(패시브),,표준 KRX 코드|상품 설명·투자 목적|구성종목|산업·국가 비중|실제 분배금 이력,,,,,
186,223190,KODEX 200가치저변동,C,53,diversity_boundary,희소·경계 사례: 현재 태그 3개|B등급 경계와의 거리 2점,,코스피 200 가치저변동성,,삼성전자 23.23%|KB금융 5.37%|현대차 4.21%|신한지주 3.82%|기아 3.12%|하나금융지주 3.08%|POSCO홀딩스 2.34%|현대모비스 2.26%|삼성물산 2.14%|우리금융지주 1.94%,asset.equity|region.domestic_kr|strategy.passive_index,주식|국내|지수추종(패시브),,운용사|상품 설명·투자 목적|산업·국가 비중|분배 일정|실제 분배금 이력,,,,,
187,0094M0,RISE 코리아밸류업위클리고정커버드콜,C,52,diversity_boundary,희소·경계 사례: 현재 태그 5개|B등급 경계와의 거리 3점,,코리아 밸류업 위클리 커버드콜 30% 지수,,SK하이닉스 19.23%|삼성전자 15.1%|SK스퀘어 8.24%|현대차 4.72%|KB금융 4.4%|신한지주 3.48%|기아 2.71%|하나금융지주 2.57%|한화에어로스페이스 2.41%|현대모비스 2.36%,dividend.covered_call|strategy.value_up|asset.equity|region.domestic_kr|strategy.passive_index,커버드콜 배당|밸류업|주식|국내|지수추종(패시브),,표준 KRX 코드|운용사|상품 설명·투자 목적|산업·국가 비중|분배 일정|실제 분배금 이력,,,,,
188,0000J0,PLUS 한화그룹주,C,48,diversity_boundary,희소·경계 사례: 현재 태그 4개|B등급 경계와의 거리 7점,,FnGuide 한화그룹주 지수,,한화에어로스페이스 21.74%|한화오션 17.74%|한화시스템 15.77%|한화솔루션 14.94%|한화엔진 8.41%|한화 7.96%|한화생명 5.12%|한화비전 4.79%|한화투자증권 1.61%|한화손해보험 1.03%,asset.equity|region.domestic_kr|strategy.passive_index|strategy.large_conglomerate_group,주식|국내|지수추종(패시브)|그룹주(계열사 집중),,표준 KRX 코드|운용사|상품 설명·투자 목적|산업·국가 비중|분배 일정|실제 분배금 이력,,,,,
189,0101N0,RISE AI전력인프라,C,48,diversity_boundary,희소·경계 사례: 현재 태그 4개|B등급 경계와의 거리 7점,,KRX-Akros AI 전력인프라 지수,,가온전선 23.88%|LS ELECTRIC 7.93%|산일전기 6.41%|효성중공업 6.27%|대한전선 5.91%|HD현대일렉트릭 5.82%|서진시스템 5.55%|두산에너빌리티 4.97%|LS에코에너지 4.92%|제룡전기 4.81%,sector.ai_power_infrastructure|asset.equity|region.domestic_kr|strategy.passive_index,AI전력/인프라|주식|국내|지수추종(패시브),,표준 KRX 코드|운용사|상품 설명·투자 목적|산업·국가 비중|분배 일정|실제 분배금 이력,,,,,
190,298340,PLUS 국채선물3년,C,53,diversity_boundary,희소·경계 사례: 현재 태그 4개|B등급 경계와의 거리 2점,,국채선물지수,,PLUS KOFR금리 0.93%,asset.bond.government|asset.bond|region.domestic_kr|strategy.passive_index,국채|채권|국내|지수추종(패시브),,운용사|상품 설명·투자 목적|산업·국가 비중|분배 일정|실제 분배금 이력,,,,,
191,0018C0,PLUS 고배당주위클리고정커버드콜,C,52,diversity_boundary,희소·경계 사례: 현재 태그 5개|B등급 경계와의 거리 3점,,코스피 고배당 위클리 고정 커버드콜 지수,,기업은행 5.23%|DB손해보험 5.19%|NH투자증권 5.14%|우리금융지주 4.9%|하나금융지주 4.5%|기아 4.5%|삼성카드 4.46%|제일기획 4.23%|삼성증권 4.03%|KT 3.91%,dividend.covered_call|dividend.korea_high_dividend|asset.equity|region.domestic_kr|strategy.passive_index,커버드콜 배당|한국 고배당|주식|국내|지수추종(패시브),,표준 KRX 코드|운용사|상품 설명·투자 목적|산업·국가 비중|분배 일정|실제 분배금 이력,,,,,
192,0177R0,TIGER 반도체TOP10커버드콜액티브,C,52,diversity_boundary,희소·경계 사례: 현재 태그 5개|B등급 경계와의 거리 3점,,FnGuide 반도체 TOP10 Capped 지수(Price Return),,SK하이닉스 20.94%|삼성전자 20.74%|TIGER 반도체TOP10 12.41%|SK스퀘어 7.64%|삼성전기 7%|원익IPS 2.91%|LG이노텍 2.61%|DB하이텍 2.47%|이오테크닉스 2.22%|한미반도체 2.1%,dividend.covered_call|sector.semiconductor|strategy.active|asset.equity|region.domestic_kr,커버드콜 배당|반도체|액티브|주식|국내,,표준 KRX 코드|운용사|상품 설명·투자 목적|산업·국가 비중|분배 일정|실제 분배금 이력,,,,,
193,211900,KODEX 코리아배당성장,C,53,diversity_boundary,희소·경계 사례: 현재 태그 5개|B등급 경계와의 거리 2점,,코스피 배당성장 50,,삼성카드 4.99%|DB손해보험 4.7%|JB금융지주 4.19%|BNK금융지주 3.96%|오리온홀딩스 3.72%|하나금융지주 3.4%|NH투자증권 3.36%|기아 3.34%|iM금융지주 3.26%|다우기술 3.25%,dividend.korea_high_dividend|asset.equity|region.domestic_kr|strategy.passive_index|dividend.dividend_growth,한국 고배당|주식|국내|지수추종(패시브)|배당성장,,운용사|상품 설명·투자 목적|산업·국가 비중|분배 일정|실제 분배금 이력,,,,,
194,0150K0,KoAct 수소전력ESS인프라액티브,C,52,diversity_boundary,희소·경계 사례: 현재 태그 4개|B등급 경계와의 거리 3점,,FnGuide 수소전력ESS인프라 지수(PR),,지엔씨에너지 7.92%|SK이터닉스 7.51%|삼성SDI 6.1%|상신이디피 6.06%|LG에너지솔루션 5.56%|LS ELECTRIC 5.19%|신성에스티 4.83%|비나텍 4.59%|한중엔시에스 4.58%|LS머트리얼즈 4.52%,sector.ev_battery|strategy.active|asset.equity|region.domestic_kr,전기차/2차전지|액티브|주식|국내,,표준 KRX 코드|운용사|상품 설명·투자 목적|산업·국가 비중|분배 일정|실제 분배금 이력,,,,,
195,360750,TIGER 미국S&P500,C,51,diversity_boundary,희소·경계 사례: 현재 태그 4개|B등급 경계와의 거리 4점,미래에셋자산운용(주),S&P 500,"해외주식형, 시장대표",,strategy.benchmark.sp500|region.us|asset.equity|strategy.passive_index,S&P500|미국|주식|지수추종(패시브),,상품 설명·투자 목적|구성종목|산업·국가 비중|실제 분배금 이력,,,,,
196,379810,KODEX 미국나스닥100,C,51,diversity_boundary,희소·경계 사례: 현재 태그 4개|B등급 경계와의 거리 4점,삼성자산운용(주),NASDAQ-100 Total Return Index,"해외주식형, 시장대표",,strategy.benchmark.nasdaq100|region.us|asset.equity|strategy.passive_index,나스닥100|미국|주식|지수추종(패시브),,상품 설명·투자 목적|구성종목|산업·국가 비중|실제 분배금 이력,,,,,
197,139220,TIGER 200 건설,C,53,diversity_boundary,희소·경계 사례: 현재 태그 4개|B등급 경계와의 거리 2점,,코스피 200 건설,,삼성물산 26.79%|삼성E&A 22.09%|현대건설 15.58%|대우건설 10.83%|한전기술 6.26%|DL이앤씨 6.08%|KCC 5.94%|한전KPS 3.33%|DL 1.67%|한일시멘트 1.04%,asset.equity|region.domestic_kr|strategy.passive_index|sector.construction,주식|국내|지수추종(패시브)|건설,,운용사|상품 설명·투자 목적|산업·국가 비중|분배 일정|실제 분배금 이력,,,,,
198,139240,TIGER 200 철강소재,C,53,diversity_boundary,희소·경계 사례: 현재 태그 4개|B등급 경계와의 거리 2점,,코스피 200 철강/소재,,POSCO홀딩스 23.2%|현대제철 20.65%|고려아연 19.43%|풍산 17.53%|세아베스틸지주 6.12%|영풍 2.83%|율촌화학 2.41%|세아제강지주 2.35%|아세아 2.34%|동원시스템즈 1.82%,asset.equity|region.domestic_kr|strategy.passive_index|sector.steel_metals,주식|국내|지수추종(패시브)|철강/금속,,운용사|상품 설명·투자 목적|산업·국가 비중|분배 일정|실제 분배금 이력,,,,,
199,227560,TIGER 200 생활소비재,C,53,diversity_boundary,희소·경계 사례: 현재 태그 4개|B등급 경계와의 거리 2점,,코스피 200 생활소비재,,KT&G 20.78%|한국전력 16.08%|에이피알 13.82%|삼양식품 6.28%|아모레퍼시픽 5.6%|오리온 4.32%|LG생활건강 3.41%|달바글로벌 2.98%|한국콜마 2.95%|CJ 2.94%,asset.equity|region.domestic_kr|strategy.passive_index|sector.consumer_staples_food,주식|국내|지수추종(패시브)|필수소비재/식품,,운용사|상품 설명·투자 목적|산업·국가 비중|분배 일정|실제 분배금 이력,,,,,
200,228790,TIGER 화장품,C,53,diversity_boundary,희소·경계 사례: 현재 태그 4개|B등급 경계와의 거리 2점,,WISE 화장품 지수,,에이피알 10.77%|실리콘투 10.6%|코스맥스 10.29%|한국콜마 10.26%|파마리서치 9.96%|LG생활건강 9.25%|달바글로벌 9.19%|아모레퍼시픽 9.16%|코스메카코리아 7.23%|브이티 3.14%,asset.equity|region.domestic_kr|strategy.passive_index|sector.beauty_cosmetics,주식|국내|지수추종(패시브)|화장품/뷰티,,운용사|상품 설명·투자 목적|산업·국가 비중|분배 일정|실제 분배금 이력,,,,,
