shortCode,name,productId,status,benchmarkName,distributionPolicy,rawHash
"0005D0","SOL 전고체배터리&실리콘음극재","211079","ok","FnGuide 전고체배터리&실리콘음극재 지수(PR)","연 1회 지급; - 지급 기준일 : 4월 마지막 영업일 - 단, 운용사 정책에 따라 유보 및 지급률 변동 가능","394c9ee231782c8d6d546dac3b6684d4074445565d0bd1b371b2062501e2cc3c"
"220130","SOL 차이나강소기업CSI500(합성 H)","210367","ok","CSI500 Index","연 1회 지급; - 회계기간 종료일 (다만, 회계기간 종료일이 영업일이 아닌 경우 그 직전 영업일) - 단, 운용사 정책에 따라 유보 및 지급률 변동 가능","37b29281327799ff5845af43cebdaca3d82870e1590dfeb8623cae745020253d"
"292500","SOL KRX300","210728","ok","KRX300","연 4회 지급; - 지급 기준일 : 1,4,7,10월의 마지막 영업일 - 단, 운용사 정책에 따라 유보 및 지급률 변동 가능","a28fbee7e32102e17827a1b35dbc88d6c4057da9001410835ffd4bf911fd6ac2"
"433330","SOL 미국S&P500","210930","ok","S&P500 (PR) Index","월 1회 지급; - 지급 기준일 : 매월 마지막 영업일 - 단, 운용사 정책에 따라 유보 및 지급률 변동 가능","a711ea6bb1f953749ee3345a16c4a6f34e4fbf143e6664a391bc12b56b2d6ccc"
"0008T0","SOL 화장품TOP3플러스","211080","ok","FnGuide 화장품TOP3플러스지수(PR)","연 1회 지급; - 지급 기준일 : 4월 마지막 영업일 - 단, 운용사 정책에 따라 유보 및 지급률 변동 가능","7c113be35dd7ce5336c5e0ee9f15b3bd0139a0f2154034fe0ca8e97815fc7063"
"0016X0","SOL 중단기회사채(A-이상)액티브","211082","partial","","연 1회 지급; - 매년 12월 15일 및 회계기간 종료일 (다만, 회계기간 종료일이 영업일이 아닌 경우 그 직전 영업일) - 단, 운용사 정책에 따라 유보 및 지급률 변동 가능","63f874d738fe64d43ac4afaa243d6115d687b3043c0407ceb53833e81ff8ecc8"
"0022T0","SOL 국제금커버드콜액티브","211077","partial","","월 1회 지급; - 지급 기준일 : 매월 마지막 영업일 - 단, 운용사 정책에 따라 유보 및 지급률 변동 가능","259dfb373ef9d4d618d5eab3c4d98647c12301b464e1a0e93a926cc1f067c6ce"
"0023A0","SOL 미국양자컴퓨팅TOP10","211084","ok","KEDI 미국양자컴퓨팅TOP10지수(PR)(원화환산)","연 1회 지급; - 지급 기준일 : 4월 마지막 영업일 - 단, 운용사 정책에 따라 유보 및 지급률 변동 가능","04d976decd6c1129776398b145b342972fc2fd3a2a15b46ea6c10896afdaba43"
"0040X0","SOL 팔란티어미국채커버드콜혼합","211089","ok","KEDI 팔란티어미국채커버드콜혼합지수(NTR)","월 1회 지급; - 매월 마지막 영업일 - 단, 운용사 정책에 따라 유보 및 지급률 변동 가능","29137b793644ec030527f39a9cbabd0b853c6d64dacdd0008935b42bdedba54d"
"0040Y0","SOL 팔란티어커버드콜OTM채권혼합","211088","ok","KEDI 팔란티어커버드콜OTM채권혼합지수 (NTR)","월 1회 지급; - 매월 마지막 영업일 - 단, 운용사 정책에 따라 유보 및 지급률 변동 가능","c9b316798e063538e0444ba2c71defca8b40dc465b0db8b20189731afeda0860"
"0051G0","SOL 미국원자력SMR","211091","ok","KEDI미국원자력SMR지수(PR: Price Return)(원화환산)","연 1회 지급; - 지급 기준일 : 4월 마지막 영업일 - 단, 운용사 정책에 따라 유보 및 지급률 변동 가능","5cb9c833c5bd8ec5d9254818b01c6392cc90ea8e56971e5e2a9e09abee25514a"
"0066W0","SOL 국제금","211092","ok","KEDI 국제금현물ETF가격지수(PR)(원화환산)","연 1회 지급; - 회계기간 종료일 (다만, 회계기간 종료일이 영업일이 아닌 경우 그 직전 영업일) - 단, 운용사 정책에 따라 유보 및 지급률 변동 가능","17802a3f27aa7b861e7c8afcf7774b624368259606bd0603ae774aa44a07cafd"
"0080X0","SOL 미국S&P500미국채혼합50","211093","ok","S&P 500 and iBoxx $Treasuries 7-10Y 50/50 Blend Index(USD) PR/TR Hybrid(원화환산)","월 1회 지급; - 지급 기준일 : 매월 15일 (15일이 영업일이 아닌 경우 직전 영업일) - 단, 운용사 정책에 따라 유보 및 지급률 변동 가능","7cfdc3f7a08b9d0f22bee1ece47748edf5a7c07eb99ac5f1065d426f36901c76"
"0080Y0","SOL 조선TOP3플러스레버리지","211094","ok","FnGuide 조선TOP3플러스지수(PR)","연 1회 지급; - 회계기간 종료일 (다만, 회계기간 종료일이 영업일이 아닌 경우 그 직전 영업일) - 단, 운용사 정책에 따라 유보 및 지급률 변동 가능","665d4be43e56d2267a1532af44a633e1c72585cf67f4f80324d7b5523a8b5c7b"
"0092B0","SOL 한국원자력SMR","211096","ok","FnGuide 한국원자력SMR지수(PR)","연 1회 지급; - 지급 기준일 : 4월 마지막 영업일 - 단, 운용사 정책에 따라 유보 및 지급률 변동 가능","ff11ca790d654caf86870b561d40e69f8d1d9512be2cc0e082b793ec2958cf97"
"0092C0","SOL 27-12 회사채(AA-이상)액티브","211095","partial","","연 1회 지급; - 매년 12월 15일 및 회계기간 종료일 (다만, 회계기간 종료일이 영업일이 아닌 경우 그 직전 영업일) - 단, 운용사 정책에 따라 유보 및 지급률 변동 가능","9cf9ac88865549533d3915dfb5deda20986e78bbb66b35cefe6fe70e949f1e7b"
"0105D0","SOL 한국AI소프트웨어","211098","ok","KEDI 한국AI소프트웨어지수(PR)","연 1회 지급; - 지급 기준일 : 4월 마지막 영업일 - 단, 운용사 정책에 따라 유보 및 지급률 변동 가능","7a7e34c0a5afa75ef47db06817d5f12d18452f2ceeb6aa448a245a7a6764e7c3"
"0105E0","SOL 코리아고배당","211097","ok","FnGuide 코리아고배당지수(PR)","월 1회 지급; - 지급 기준일 : 매월 15일 (15일이 영업일이 아닌 경우 직전 영업일) - 단, 운용사 정책에 따라 유보 및 지급률 변동 가능","d1e9b884770f9af794c58e6afac52ad39c43630ced4deaa0d85580851d223e98"
"0118S0","SOL 미국넥스트테크TOP10액티브","211099","partial","","연 1회 지급; - 지급 기준일 : 4월 마지막 영업일 - 단, 운용사 정책에 따라 유보 및 지급률 변동 가능","8f9c15e596aeeaaf2f31d52e2bad58ffbae0b92c7153baa609731e97f20e0ab9"
"0131A0","SOL 차이나소비트렌드","211100","ok","SOLACTIVE-KEDI CHINA CONSUMER TREND INDEX(PR)","연 1회 지급; - 지급 기준일 : 4월 마지막 영업일 - 단, 운용사 정책에 따라 유보 및 지급률 변동 가능","8aa249a3510c9b492211de953707b20eb876096b7e2f36f9c21a564d1362ed46"
"0141S0","SOL 조선기자재","211101","ok","FnGuide 조선기자재 지수(PR)","연 1회 지급; - 지급 기준일 : 4월 마지막 영업일 - 단, 운용사 정책에 따라 유보 및 지급률 변동 가능","0a0025b9e53681c251f23ea011284468375d171ce7a29875e8acacfd58630e14"
"0141T0","SOL 중기종합채권(AA-이상)액티브","211102","partial","","연 1회 지급; - 회계기간 종료일 (다만, 회계기간 종료일이 영업일이 아닌 경우 그 직전 영업일) - 단, 운용사 정책에 따라 유보 및 지급률 변동 가능","42b87417e4a9540f7f0aac3993059d78130e71899363758b06093e2e50277660"
"0152E0","SOL 배당성향탑픽액티브","211104","partial","","월 1회 지급; - 지급 기준일 : 매월 마지막 영업일 - 단, 운용사 정책에 따라 유보 및 지급률 변동 가능 ('26년 3월 부터 지급 예정)","dc8d5f860aed39c995638004d2d64dfe73e2dbfeae44f66ecc76c406fe848db1"
"0167A0","SOL AI반도체TOP2플러스","211106","ok","FnGuide AI반도체TOP2플러스지수(PR)","연 1회 지급; - 지급 기준일 : 4월 마지막 영업일 - 단, 운용사 정책에 따라 유보 및 지급률 변동 가능","ac49336ef5f1e56b56efec4fc359c9bd2233b9aa614e9b1721c9b9aeaa8dd542"
"0167B0","SOL 200타겟위클리커버드콜","211107","ok","코스피200타겟15%위클리커버드콜지수(PR)","월 1회 지급; - 지급 기준일 : 매월 마지막 영업일 - 단 운용사 정책에 따라 유보 및 지급률 변동 가능","35793a37180af652f38e949f87d1867309f3a76e1caf413ea2a1cb8e6d3fe05c"
"0181L0","SOL 미국우주항공TOP10","211110","ok","KEDI 미국우주항공TOP10(PR)","연 1회 지급; - 4월 마지막 영업일 - 단, 운용사 정책에 따라 유보 및 지급률 변동 가능","4de684e2f7c056514f50718c5d387cea5097bbc626c53a175ca0856009835d95"
"0192S0","SOL 코스피200채권혼합50","211111","ok","코스피 200 KTB 혼합 지수","월 1회 지급; - 매월 마지막 영업일 기준 - 단, 운용사 정책에 따라 유보 및 지급률 변동 가능","362b3987bcab61c16285fd89b1d61ffe4f6cd30819d6b25b4377fcf4ceaab5b9"
"0192T0","SOL 코스닥TOP10","211112","ok","코스닥TOP10(PR)","연 1회 지급; - 지급 기준일 : 4월 마지막 영업일 - 단, 운용사 정책에 따라 유보 및 지급률 변동 가능","286c14dbb01c28265d79bed8bd257b195c8148b716c882d26268495dc264bbe2"
"0197W0","SOL SK하이닉스단일종목레버리지","211113","ok","KRX SK하이닉스 지수(PR)","연 1회 지급; - 4월 마지막 영업일 - 단, 운용사 정책에 따라 유보 및 지급률 변동 가능","bfc99b2fbb15c02894dc59a7b521e7727508a871e5183b7174c717f5699973a6"
"0197X0","SOL SK하이닉스선물단일종목인버스2X","211114","ok","KRX SK하이닉스 선물 지수(PR)","연 1회 지급; - 4월 마지막 영업일 - 단, 운용사 정책에 따라 유보 및 지급률 변동 가능","cc9be8752a17297451d5137dc04074e96477a9a1d963f09a5471bb38386a2831"
"0207G0","SOL 우주항공밸류체인","211116","ok","Akros 우주항공밸류체인 (PR)","연 1회 지급; - 매 1,4,7,10월의 마지막영업일 및 회계기간 종료일 (종료일이 영업일이 아닌 경우 종료일의 직전영업일) - 지급기준일 익영업일로부터 제7영업일 이내(단, 운용사 정책에 따라 유보 및 지급률 변동 가능)","286ef08141af1b821e653aa9cb2aa26fb5a1958a0802e72316f76a53131ad4b0"
"295040","SOL 200TR","210734","ok","KOSPI200TR Index","미지급","93627e472af02292513154194de61ce504e99de97e94d5deaff1ea9bff9606b8"
"363510","SOL KIS단기통안채","210811","ok","KIS단기통안채 Index (TR)","연 1회 지급; - 매년 12월 15일 및 회계기간 종료일 (다만, 회계기간 종료일이 영업일이 아닌 경우 그 직전 영업일) - 단, 운용사 정책에 따라 유보 및 지급률 변동 가능","872cf20bfddb9293a31526a47feb9cc50c20a6ef8cf210ced9260c7f3ef57c96"
"399110","SOL 미국S&P500ESG","210880","ok","S&P 500 Scored & Screened Index(원화환산)","연 4회 지급; - 지급 기준일 : 1, 4, 7, 10월의 마지막 영업일 - 단, 운용사 정책에 따라 유보 및 지급률 변동 가능","cc5eaa668b86d3bb0d852733eb869820cbc603bc29fc99455776eacf1e1bcb65"
"400580","SOL 유럽탄소배출권선물S&P(H)","210885","ok","S&P GSCI Carbon Emission Allowances(EUA)(ER) Index","연 1회 지급; - 회계기간 종료일 (다만, 회계기간 종료일이 영업일이 아닌 경우 그 직전 영업일) - 단, 운용사 정책에 따라 유보 및 지급률 변동 가능","aa299bdd742a0b84d5a647dd71bff9d77af93fd86c4e6702d01b9e5c61746aa9"
"400590","SOL 글로벌탄소배출권선물ICE(합성)","210884","ok","ICEGlobal Carbon Futures Index","연 1회 지급; - 회계기간 종료일 (다만, 회계기간 종료일이 영업일이 아닌 경우 그 직전 영업일) - 단, 운용사 정책에 따라 유보 및 지급률 변동 가능","5d180ff5b0cd101d1f8200e7136a65564fc7217dd3cd448efb6507b2fed26d14"
"404650","SOL KRX기후변화솔루션","210890","ok","KRX기후변화솔루션지수","연 4회 지급; - 지급 기준일 : 1, 4, 7, 10월의 마지막 영업일 - 단, 운용사 정책에 따라 유보 및 지급률 변동 가능","1394aa0cd06ec754aedffa72f682cbbf24ac100d738c453a6624c5929ffcf8a6"
"411540","SOL 200 Top10","210895","ok","KOSPI 200Top10","연 4회 지급; - 지급 기준일 : 1,4,7,10월의 마지막 영업일 - 단, 운용사 정책에 따라 유보 및 지급률 변동 가능","887991b914f3de41cc3f9dc5f1ec25dc7b6ba2f368c7fae03a6c9bd191462157"
"413220","SOL 차이나태양광CSI(합성)","210896","ok","CSI Photovoltaic Industry Index(PR)","연 1회 지급; - 회계기간 종료일 (다만, 회계기간 종료일이 영업일이 아닌 경우 그 직전 영업일) - 단, 운용사 정책에 따라 유보 및 지급률 변동 가능","afe79e4e6fcd463768932a7a568ad262ca91e3be69e2e6d4dff0731d09dc25c9"
"415760","SOL 차이나육성산업액티브(합성)","210897","partial","","연 1회 지급; - 회계기간 종료일 (다만, 회계기간 종료일이 영업일이 아닌 경우 그 직전 영업일) - 단, 운용사 정책에 따라 유보 및 지급률 변동 가능","5f70e28d63a38fede7f88095c965167980806435ae40e7bd2499e1733240b170"
"423170","SOL 글로벌AI반도체탑픽액티브","210908","partial","","연 1회 지급; - 지급 기준일 : 4월 마지막 영업일 - 단, 운용사 정책에 따라 유보 및 지급률 변동 가능","765ff6f429a71bdbca3ce46b5d00c302d111111790b775690a0cb03a9f9cf300"
"429980","SOL 한국형글로벌전기차&2차전지액티브","210919","partial","","연 1회 지급; - 지급 기준일 : 4월 마지막 영업일 - 단, 운용사 정책에 따라 유보 및 지급률 변동 가능","785bf0176ff042e43b6171752709fd18e52cd735d53084eb4b7347a346da84fe"
"436140","SOL 종합채권(AA-이상)액티브","210932","partial","","연 1회 지급; - 매년 12월 15일 및 회계기간 종료일 (다만, 회계기간 종료일이 영업일이 아닌 경우 그 직전 영업일) - 단, 운용사 정책에 따라 유보 및 지급률 변동 가능","55ca1c4f18a2079b7c38d2ff9d98015da2f9f119d56a3fe5fbe55ac4201c36b9"
"438560","SOL 국고채3년","210934","ok","KAP 국고채3년지수(총수익)","연 1회 지급; - 회계기간 종료일(다만, 회계기간 종료일이 영업일이 아닌 경우 그 직전 영업일) - 단, 운용사 정책에 따라 유보 및 지급률 변동가능","e6e55eb2eebd5ab92812d7841c73343d1c0022b73af6c39d86ee37bd3957485c"
"438570","SOL 국고채10년","210935","ok","KAP 국고채10년지수(총수익)","연 1회 지급; - 회계기간 종료일(다만, 회계기간 종료일이 영업일이 아닌 경우 그 직전 영업일) - 단, 운용사 정책에 따라 유보 및 지급률 변동 가능","fa6faf64a0177782d02df7fa2797e9f36aeafc02e8247a4e4909d85923600e7e"
"444200","SOL 코리아메가테크액티브","210940","partial","","연 1회 지급; - 지급 기준일 : 4월 마지막 영업일 - 단, 운용사 정책에 따라 유보 및 지급률 변동가능","c1e5efcb9c6276f56356ca5f40c02309849b40b08790e99376544876fdaf4781"
"446720","SOL 미국배당다우존스","210942","ok","Dow Jones U.S. Dividend 100 Index(PR)","월 1회 지급; - 지급 기준일 : 매월 마지막 영업일 - 단, 운용사 정책에 따라 유보 및 지급률 변동 가능","2c2a76f1f43664c38ca72a46c4b547ea70181c797ced178b0792cd5e8720ac26"
"447620","SOL 미국TOP5채권혼합50","210945","ok","Solactive US TOP5 Balanced50 Index(PR)","연 1회 지급; - 지급 기준일 : 4월 마지막 영업일 - 단, 운용사 정책에 따라 유보 및 지급률 변동 가능","eb5be81f8811822bb6916daa9b75d15d5dc5be1a5f5f6c539c96a88a8533515c"
"450910","SOL 코스닥150","210961","ok","코스닥 150 지수(PR)","연 1회 지급; - 지급 기준일 : 4월 마지막 영업일 - 단, 운용사 정책에 따라 유보 및 지급률 변동 가능","cf819ced8281e536597730d97786818340c57f62d30d15a684506545f01e49a5"
"452360","SOL 미국배당다우존스(H)","210972","ok","Dow Jones U.S. Dividend 100 Index(PR)","월 1회 지급; - 지급 기준일 : 매월 마지막 영업일 - 단, 운용사 정책에 따라 유보 및 지급률 변동 가능","c71a034d9ddb204aea94d9d71746c2888a1ed880e55c92ded009b7141bcbda0f"
"455850","SOL AI반도체소부장","210980","ok","FnGuide AI 반도체 소부장 지수","연 1회 지급; - 지급 기준일 : 4월 마지막 영업일 - 단, 운용사 정책에 따라 유보 및 지급률 변동 가능","8ad7822b62d212db9854de71c10f8a71c442ddddfd28fc93d47ddd1c786d5814"
"455860","SOL 2차전지소부장Fn","210981","ok","FnGuide 2차전지 소부장 지수","연 1회 지급; - 지급 기준일 : 4월 마지막 영업일 - 단, 운용사 정책에 따라 유보 및 지급률 변동 가능","a1ed77011055b3e625b95da2822529dcea84113dfe4ee463da31ce698e8c6949"
"461600","SOL 미국30년국채액티브(H)","211000","partial","","연 1회 지급; - 회계기간 종료일 (다만, 회계기간 종료일이 영업일이 아닌 경우 그 직전 영업일) - 단, 운용사 정책에 따라 유보 및 지급률 변동 가능","3054fab709b611b1e9c3582fdb70eabc1ce485beb205bdf4df51990bf2a0aab2"
"464600","SOL 자동차소부장Fn","211016","ok","FnGuide 자동차 소부장 지수","연 1회 지급; - 지급 기준일 : 4월 마지막 영업일 - 단, 운용사 정책에 따라 유보 및 지급률 변동 가능","702270d7e0fe4497d35041849533e5cb79b93c67bb31beb4d3d226424a2fcfe9"
"464610","SOL 의료기기소부장Fn","211015","ok","FnGuide 의료기기 소부장 지수","연 1회 지급; - 지급 기준일 : 4월 마지막 영업일 - 단, 운용사 정책에 따라 유보 및 지급률 변동 가능","88f68ea661dab2b44acab805d255eff474a8268fcf4118e5c7f6602769d578bd"
"466920","SOL 조선TOP3플러스","211028","ok","FnGuide 조선 TOP3 플러스 지수 (PR)","연 1회 지급; - 지급 기준일 : 4월 마지막 영업일 - 단, 운용사 정책에 따라 유보 및 지급률 변동 가능","e7daa16898f3fff870210e420a679ebf5e234c30d35de357ba6b52a99abd8f2e"
"466930","SOL 자동차TOP3플러스","211027","ok","FnGuide 자동차 TOP3 플러스 지수(PR)","연 1회 지급; - 지급 기준일 : 4월 마지막 영업일 - 단, 운용사 정책에 따라 유보 및 지급률 변동 가능","84f7a85e71b4804fba05ef8d9a6a3968d6f84c63d4df7ed863543dc28ff525fa"
"469830","SOL 초단기채권액티브","211038","partial","","연 1회 지급; - 매년 12월 15일 및 회계기간 종료일 (다만, 회계기간 종료일이 영업일이 아닌 경우 그 직전 영업일) - 단, 운용사 정책에 따라 유보 및 지급률 변동 가능","4d55d48febf97006ff0def57c13d502c47bd5018dad44ee4ec7d205861ebf6f7"
"473330","SOL 미국30년국채커버드콜(합성)","211044","ok","KEDI 미국국채20년+ 커버드콜지수(NTR)","월 1회 지급; - 지급 기준일 : 매월 마지막 영업일 - 단, 운용사 정책에 따라 유보 및 지급률 변동 가능","d89063bae38bc8e74a19cf39d2a6582a05889544d9b20697a1fdf673da279761"
"474390","SOL 국고채30년액티브","211049","partial","","연 1회 지급; - 매년 12월 15일 및 회계기간 종료일 (다만, 회계기간 종료일이 영업일이 아닌 경우 그 직전 영업일) - 단, 운용사 정책에 따라 유보 및 지급률 변동 가능","25a6923638c2a7342b9393891353d0e5dd53fc08c30565899d7abc2cf7cef6a4"
"475300","SOL 반도체전공정","211053","ok","FnGuide 반도체 전공정 지수","연 1회 지급; - 지급 기준일 : 4월 마지막 영업일 - 단, 운용사 정책에 따라 유보 및 지급률 변동 가능","3ed7d77470ea53c2ac1dd2bfe5c0c472cda64f609b78a1b27ae8b7819e5f74f2"
"475310","SOL 반도체후공정","211054","ok","FnGuide 반도체 후공정 지수","연 1회 지급; - 지급 기준일 : 4월 마지막 영업일 - 단, 운용사 정책에 따라 유보 및 지급률 변동 가능","aaa9bf1e3d8963b556ec23d2f6fdf3c7b5fe0a64b89f4022862178ed259ab479"
"476030","SOL 미국나스닥100","211056","ok","NASDAQ 100 Index(PR)","연 4회 지급; - 지급 기준일 : 1,4,7,10월의 마지막 영업일 - 단, 운용사 정책에 따라 유보 및 지급률 변동 가능","0b0357c9fb64b03cf30a3a41f354e8f9356a111eb35360e190ce00286dd8a857"
"479620","SOL 미국AI반도체칩메이커","211057","ok","Solactive US AI Semiconductor Chip Makers Index(PR)","연 1회 지급; - 지급 기준일 : 4월 마지막 영업일 - 단, 운용사 정책에 따라 유보 및 지급률 변동 가능","a6647fcf548f67d18fc7e082139949b3bb59ca68fabd10e8aa737fa6de6994b7"
"481180","SOL 미국AI소프트웨어","211058","ok","KEDI 미국 AI 소프트웨어 지수(PR)","연 1회 지급; - 지급 기준일 : 4월 마지막 영업일 - 단, 운용사 정책에 따라 유보 및 지급률 변동 가능","b5072b5da69667b8efcd801541fcf81546e889bc3c2af355b48cdbfe5fa3baee"
"481190","SOL 미국테크TOP10","211059","ok","Solactive US Tech TOP 10 Custom Index(PR)","연 1회 지급; - 지급 기준일 : 4월 마지막 영업일 - 단, 운용사 정책에 따라 유보 및 지급률 변동 가능","9fff33b00e771dc17994bdc2b93fa4e6f3ea1fa511a2f849e3c31e74c0d857aa"
"484880","SOL 금융지주플러스고배당","211061","ok","FnGuide 금융지주플러스고배당(PR)","월 1회 지급; - 지급 기준일 : 매월 마지막 영업일 - 단, 운용사 정책에 따라 유보 및 지급률 변동 가능","5794a2d43682f0d76aaef54dc7549c1ac894e28f7eab1edaa4e0718e2ae57eaa"
"484890","SOL 머니마켓액티브","211062","partial","","연 1회 지급; - 매년 12월 15일 및 회계기간 종료일 (다만, 회계기간 종료일이 영업일이 아닌 경우 그 직전 영업일) - 단, 운용사 정책에 따라 유보 및 지급률 변동 가능","219faa65ff20ff4fcebf6ceaa1ffa7b5a80d931ec4c767484b5ac3a941189c8d"
"486450","SOL 미국AI전력인프라","211063","ok","KEDI 미국AI전력인프라지수(PR)","연 1회 지급; - 지급 기준일 : 4월 마지막 영업일 - 단, 운용사 정책에 따라 유보 및 지급률 변동 가능","f1a1328f842eb0d2b1c185a0f6925bbcc271359b895c4434c6831a4b75f1fddf"
"488980","SOL 26-12 회사채(AA-이상)액티브","211065","partial","","연 1회 지급; - 매년 12월 15일 및 회계기간 종료일 (다만, 회계기간 종료일이 영업일이 아닌 경우 그 직전 영업일) - 단, 운용사 정책에 따라 유보 및 지급률 변동 가능","6feac95c2eb46780a2db5e4591a3e9679b210b3c964a3d212a8e3c22639acac7"
"490480","SOL K방산","211070","ok","KEDI 방산 지수","연 1회 지급; - 지급 기준일 : 4월 마지막 영업일 - 단, 운용사 정책에 따라 유보 및 지급률 변동 가능","04d5a84f02e850caba198ff47b3841b43b348aa0f3051a2fb46087a35c3f1098"
"490490","SOL 미국배당미국채혼합50","211068","ok","KRX 다우존스미국배당국채혼합지수(PR)","월 1회 지급; - 지급 기준일 : 매월 15일 (15일이 영업일이 아닌 경우 직전 영업일) - 단, 운용사 정책에 따라 유보 및 지급률 변동 가능","777a64237f04ff80efbfc56e132b817fad0aaba6ff293b15ac3444fcda754f6e"
"493420","SOL 미국배당다우존스2호","211069","ok","Dow Jones U.S. Dividend 100 Index(PR)","월 1회 지급; - 지급 기준일 : 매월 15일 (15일이 영업일이 아닌 경우 직전 영업일) - 단, 운용사 정책에 따라 유보 및 지급률 변동 가능","6058efebfb35d87065162382ea24ecfb8f59a25bd7fa382bf979e53588a132b4"
"494210","SOL 미국500타겟데일리커버드콜액티브","211064","partial","","월 1회 지급; - 지급 기준일 : 매월 마지막 영업일 - 단, 운용사 정책에 따라 유보 및 지급률 변동 가능","c225b2e9fdfa0993f7b94d02d04056ef10b68cbff461eed5e7528479b9b43594"
"495550","SOL 코리아밸류업TR","211073","ok","Korea Value-up Index(TR: Total Return)","미지급","c92a71ff1603b48d875ef864e0d68368702b14087c40741db7eaec126c29c167"
"497880","SOL CD금리&머니마켓액티브","211074","partial","","월 1회 지급; - 지급 기준일 : 매월 마지막 영업일 - 단, 운용사 정책에 따라 유보 및 지급률 변동 가능","404909ed072fca8ec6528718be779455374a12f84be5206e3bc8a07a9b42c2fc"
"499150","SOL 미국S&P500엔화노출(H)","211071","ok","S&P500 Yen Hedged Index(PR)","월 1회 지급; - 지급 기준일 : 매월 마지막 영업일 - 단, 운용사 정책에 따라 유보 및 지급률 변동 가능","64c43b89e8731e9cce74e94c73723e499cfbfb256316e73d7bfd553862247ce1"
